{"nextId": 503, "pedidos": [{"id": 1, "cliente": "Larissa Silva", "produto": "Camar\u00e3o Internacional", "valor": 136.0, "entregue": true, "timestamp": "2021-05-02T19:48:09.765Z"}, {"id": 2, "cliente": "Telma Simas", "produto": "Camar\u00e3o B\u00fazios", "valor": 96.0, "entregue": true, "timestamp": "2021-05-02T19:48:09.765Z"}, {"id": 3, "cliente": "Telma Simas", "produto": "Camar\u00e3o Internacional", "valor": 136.0, "entregue": true, "timestamp": "2021-05-02T19:48:09.765Z"}, {"id": 4, "cliente": "Bento Torcato", "produto": "Camar\u00e3o Internacional", "valor": 136.0, "entregue": true, "timestamp": "2021-05-02T19:48:09.765Z"}, {"id": 5, "cliente": "Luana Teves", "produto": "Camar\u00e3o \u00e0 Del\u00edcia", "valor": 193.0, "entregue": true, "timestamp": "2021-05-02T19:48:09.765Z"}, {"id": 6, "cliente": "M\u00f4nica Simas", "produto": "Camar\u00e3o Beira Mar", "valor": 216.0, "entregue": true, "timestamp": "2021-05-02T19:48:09.765Z"}, {"id": 7, "cliente": "Kl\u00e9ber Barra", "produto": "Camar\u00e3o Coco Bambu", "valor": 179.0, "entregue": true, "timestamp": "2021-05-02T19:48:09.765Z"}, {"id": 8, "cliente": "L\u00edlia Vasconcelos", "produto": "Camar\u00e3o B\u00fazios", "valor": 96.0, "entregue": true, "timestamp": "2021-05-02T19:48:09.765Z"}, {"id": 9, "cliente": "Ricardo Piraj\u00e1", "produto": "Camar\u00e3o Jangadeiro", "valor": 213.0, "entregue": true, "timestamp": "2021-05-02T19:48:09.765Z"}, {"id": 10, "cliente": "Gustavo Brand\u00e3o", "produto": "Camar\u00e3o Internacional", "valor": 136.0, "entregue": true, "timestamp": "2021-05-02T19:48:09.765Z"}, {"id": 11, "cliente": "Larissa Silva", "produto": "Camar\u00e3o Coco Bambu", "valor": 179.0, "entregue": true, "timestamp": "2021-05-02T19:48:09.765Z"}, {"id": 12, "cliente": "Pedro Fernando", "produto": "Camar\u00e3o Coco Bambu", "valor": 179.0, "entregue": true, "timestamp": "2021-05-02T19:48:09.765Z"}, {"id": 13, "cliente": "Daniel Pedroso", "produto": "Camar\u00e3o Internacional", "valor": 136.0, "entregue": true, "timestamp": "2021-05-02T19:48:09.765Z"}, {"id": 14, "cliente": "Virg\u00edlio P\u00e1dua", "produto": "Camar\u00e3o B\u00fazios", "valor": 96.0, "entregue": true, "timestamp": "2021-05-02T19:48:09.765Z"}, {"id": 15, "cliente": "Bernardo Chagas", "produto": "Camar\u00e3o Jangadeiro", "valor": 213.0, "entregue": true, "timestamp": "2021-05-02T19:48:09.765Z"}, {"id": 16, "cliente": "T\u00e2nia Cardoso", "produto": "Camar\u00e3o Jangadeiro", "valor": 213.0, "entregue": true, "timestamp": "2021-05-02T19:48:09.765Z"}, {"id": 17, "cliente": "Francisca Azenha", "produto": "Camar\u00e3o B\u00fazios", "valor": 96.0, "entregue": true, "timestamp": "2021-05-02T19:48:09.765Z"}, {"id": 18, "cliente": "T\u00e2nia Cardoso", "produto": "Camar\u00e3o Internacional", "valor": 136.0, "entregue": true, "timestamp": "2021-05-02T19:48:09.765Z"}, {"id": 19, "cliente": "Dinis Thamily", "produto": "Camar\u00e3o B\u00fazios", "valor": 96.0, "entregue": true, "timestamp": "2021-05-02T19:48:09.765Z"}, {"id": 20, "cliente": "Daniel Pedroso", "produto": "Camar\u00e3o Coco Bambu", "valor": 179.0, "entregue": false, "timestamp": "2021-05-02T19:48:09.765Z"}, {"id": 21, "cliente": "Luize Alcoforado", "produto": "Camar\u00e3o Beira Mar", "valor": 216.0, "entregue": true, "timestamp": "2021-05-02T19:48:09.765Z"}, {"id": 22, "cliente": "Helo\u00edsa Sobreira", "produto": "Camar\u00e3o Beira Mar", "valor": 216.0, "entregue": true, "timestamp": "2021-05-02T19:48:09.765Z"}, {"id": 23, "cliente": "Teresa Almeida", "produto": "Camar\u00e3o Beira Mar", "valor": 216.0, "entregue": true, "timestamp": "2021-05-02T19:48:09.765Z"}, {"id": 24, "cliente": "Francisca Azenha", "produto": "Camar\u00e3o Coco Bambu", "valor": 179.0, "entregue": false, "timestamp": "2021-05-02T19:48:09.765Z"}, {"id": 25, "cliente": "Gabriel Sabi\u00e3o", "produto": "Camar\u00e3o Coco Bambu", "valor": 179.0, "entregue": true, "timestamp": "2021-05-02T19:48:09.765Z"}, {"id": 136.0, "cliente": "Helo\u00edsa Sobreira", "produto": "Camar\u00e3o Jurer\u00ea", "valor": 131.0, "entregue": true, "timestamp": "2021-05-02T19:48:09.765Z"}, {"id": 27, "cliente": "Oscar   Gaspar", "produto": "Camar\u00e3o \u00e0 Del\u00edcia", "valor": 193.0, "entregue": true, "timestamp": "2021-05-02T19:48:09.765Z"}, {"id": 96.0, "cliente": "Telma Simas", "produto": "Camar\u00e3o Jangadeiro", "valor": 213.0, "entregue": false, "timestamp": "2021-05-02T19:48:09.765Z"}, {"id": 131.0, "cliente": "Judite Eir\u00f3", "produto": "Camar\u00e3o Jurer\u00ea", "valor": 131.0, "entregue": true, "timestamp": "2021-05-02T19:48:09.765Z"}, {"id": 30, "cliente": "Dinis Thamily", "produto": "Camar\u00e3o Beira Mar", "valor": 216.0, "entregue": false, "timestamp": "2021-05-02T19:48:09.765Z"}, {"id": 213.0, "cliente": "Judite Eir\u00f3", "produto": "Camar\u00e3o Coco Bambu", "valor": 179.0, "entregue": true, "timestamp": "2021-05-02T19:48:09.765Z"}, {"id": 216.0, "cliente": "Martinho Feitosa", "produto": "Camar\u00e3o Coco Bambu", "valor": 179.0, "entregue": true, "timestamp": "2021-05-02T19:48:09.765Z"}, {"id": 33, "cliente": "Teresa Almeida", "produto": "Camar\u00e3o Internacional", "valor": 136.0, "entregue": true, "timestamp": "2021-05-02T19:48:09.765Z"}, {"id": 34, "cliente": "Kl\u00e9ber Barra", "produto": "Camar\u00e3o Internacional", "valor": 136.0, "entregue": true, "timestamp": "2021-05-02T19:48:09.765Z"}, {"id": 35, "cliente": "Cleiton Raposo", "produto": "Camar\u00e3o Beira Mar", "valor": 216.0, "entregue": true, "timestamp": "2021-05-02T19:48:09.765Z"}, {"id": 36, "cliente": "Gustavo Brand\u00e3o", "produto": "Camar\u00e3o Internacional", "valor": 136.0, "entregue": true, "timestamp": "2021-05-02T19:48:09.765Z"}, {"id": 37, "cliente": "Fernando Salvador", "produto": "Camar\u00e3o Jurer\u00ea", "valor": 131.0, "entregue": true, "timestamp": "2021-05-02T19:48:09.765Z"}, {"id": 38, "cliente": "Bernardo Chagas", "produto": "Camar\u00e3o \u00e0 Del\u00edcia", "valor": 193.0, "entregue": true, "timestamp": "2021-05-02T19:48:09.765Z"}, {"id": 39, "cliente": "Vanessa P\u00e1dua", "produto": "Camar\u00e3o Beira Mar", "valor": 216.0, "entregue": true, "timestamp": "2021-05-02T19:48:09.765Z"}, {"id": 40, "cliente": "Vanessa P\u00e1dua", "produto": "Camar\u00e3o B\u00fazios", "valor": 96.0, "entregue": true, "timestamp": "2021-05-02T19:48:09.765Z"}, {"id": 41, "cliente": "Kl\u00e9ber Barra", "produto": "Camar\u00e3o Internacional", "valor": 136.0, "entregue": true, "timestamp": "2021-05-02T19:48:09.765Z"}, {"id": 42, "cliente": "Pedro Fernando", "produto": "Camar\u00e3o Jurer\u00ea", "valor": 131.0, "entregue": true, "timestamp": "2021-05-02T19:48:09.765Z"}, {"id": 43, "cliente": "Helo\u00edsa Sobreira", "produto": "Camar\u00e3o Beira Mar", "valor": 216.0, "entregue": true, "timestamp": "2021-05-02T19:48:09.765Z"}, {"id": 44, "cliente": "J\u00falia Filipe", "produto": "Camar\u00e3o Jangadeiro", "valor": 213.0, "entregue": true, "timestamp": "2021-05-02T19:48:09.765Z"}, {"id": 45, "cliente": "Martinho Feitosa", "produto": "Camar\u00e3o Internacional", "valor": 136.0, "entregue": true, "timestamp": "2021-05-02T19:48:09.765Z"}, {"id": 46, "cliente": "Juca Varej\u00e3o", "produto": "Camar\u00e3o B\u00fazios", "valor": 96.0, "entregue": false, "timestamp": "2021-05-02T19:48:09.765Z"}, {"id": 47, "cliente": "Clotilde Godoy", "produto": "Camar\u00e3o Beira Mar", "valor": 216.0, "entregue": false, "timestamp": "2021-05-02T19:48:09.765Z"}, {"id": 48, "cliente": "Cleiton Raposo", "produto": "Camar\u00e3o \u00e0 Del\u00edcia", "valor": 193.0, "entregue": true, "timestamp": "2021-05-02T19:48:09.765Z"}, {"id": 49, "cliente": "Armando Salles", "produto": "Camar\u00e3o Jangadeiro", "valor": 213.0, "entregue": true, "timestamp": "2021-05-02T19:48:09.765Z"}, {"id": 50, "cliente": "Daniel Pedroso", "produto": "Camar\u00e3o Internacional", "valor": 136.0, "entregue": true, "timestamp": "2021-05-02T19:48:09.765Z"}, {"id": 51, "cliente": "Larissa Silva", "produto": "Camar\u00e3o B\u00fazios", "valor": 96.0, "entregue": true, "timestamp": "2021-05-02T19:48:09.765Z"}, {"id": 52, "cliente": "Helo\u00edsa Sobreira", "produto": "Camar\u00e3o Coco Bambu", "valor": 179.0, "entregue": true, "timestamp": "2021-05-02T19:48:09.765Z"}, {"id": 53, "cliente": "Armando Salles", "produto": "Camar\u00e3o Jurer\u00ea", "valor": 131.0, "entregue": true, "timestamp": "2021-05-02T19:48:09.765Z"}, {"id": 54, "cliente": "Bento Torcato", "produto": "Camar\u00e3o B\u00fazios", "valor": 96.0, "entregue": true, "timestamp": "2021-05-02T19:48:09.765Z"}, {"id": 55, "cliente": "Clotilde Godoy", "produto": "Camar\u00e3o B\u00fazios", "valor": 96.0, "entregue": true, "timestamp": "2021-05-02T19:48:09.765Z"}, {"id": 56, "cliente": "Ricardo Piraj\u00e1", "produto": "Camar\u00e3o Internacional", "valor": 136.0, "entregue": true, "timestamp": "2021-05-02T19:48:09.765Z"}, {"id": 57, "cliente": "Gustavo Sim\u00e3o", "produto": "Camar\u00e3o Jurer\u00ea", "valor": 131.0, "entregue": true, "timestamp": "2021-05-02T19:48:09.765Z"}, {"id": 58, "cliente": "Vanessa P\u00e1dua", "produto": "Camar\u00e3o Jurer\u00ea", "valor": 131.0, "entregue": true, "timestamp": "2021-05-02T19:48:09.765Z"}, {"id": 59, "cliente": "L\u00edlia Vasconcelos", "produto": "Camar\u00e3o \u00e0 Del\u00edcia", "valor": 193.0, "entregue": true, "timestamp": "2021-05-02T19:48:09.765Z"}, {"id": 60, "cliente": "J\u00falia Castelo Branco", "produto": "Camar\u00e3o Jangadeiro", "valor": 213.0, "entregue": true, "timestamp": "2021-05-02T19:48:09.765Z"}, {"id": 61, "cliente": "Juca Varej\u00e3o", "produto": "Camar\u00e3o Beira Mar", "valor": 216.0, "entregue": true, "timestamp": "2021-05-02T19:48:09.765Z"}, {"id": 62, "cliente": "Ana Rua", "produto": "Camar\u00e3o \u00e0 Del\u00edcia", "valor": 193.0, "entregue": true, "timestamp": "2021-05-02T19:48:09.765Z"}, {"id": 63, "cliente": "Cleiton Raposo", "produto": "Camar\u00e3o Beira Mar", "valor": 216.0, "entregue": true, "timestamp": "2021-05-02T19:48:09.765Z"}, {"id": 64, "cliente": "Cleiton Raposo", "produto": "Camar\u00e3o \u00e0 Del\u00edcia", "valor": 193.0, "entregue": true, "timestamp": "2021-05-02T19:48:09.765Z"}, {"id": 65, "cliente": "Martinho Feitosa", "produto": "Camar\u00e3o Coco Bambu", "valor": 179.0, "entregue": true, "timestamp": "2021-05-02T19:48:09.765Z"}, {"id": 66, "cliente": "Vanessa P\u00e1dua", "produto": "Camar\u00e3o Coco Bambu", "valor": 179.0, "entregue": true, "timestamp": "2021-05-02T19:48:09.765Z"}, {"id": 67, "cliente": "Bento Guimar\u00e3es", "produto": "Camar\u00e3o Jangadeiro", "valor": 213.0, "entregue": true, "timestamp": "2021-05-02T19:48:09.765Z"}, {"id": 68, "cliente": "Sim\u00e3o Padilha", "produto": "Camar\u00e3o Coco Bambu", "valor": 179.0, "entregue": true, "timestamp": "2021-05-02T19:48:09.765Z"}, {"id": 69, "cliente": "Aline Alc\u00e2ntara", "produto": "Camar\u00e3o B\u00fazios", "valor": 96.0, "entregue": true, "timestamp": "2021-05-02T19:48:09.765Z"}, {"id": 70, "cliente": "Emiliana Vilalobos", "produto": "Camar\u00e3o Jangadeiro", "valor": 213.0, "entregue": true, "timestamp": "2021-05-02T19:48:09.765Z"}, {"id": 71, "cliente": "Romano Lopes", "produto": "Camar\u00e3o Internacional", "valor": 136.0, "entregue": true, "timestamp": "2021-05-02T19:48:09.765Z"}, {"id": 72, "cliente": "Salvina Varej\u00e3o", "produto": "Camar\u00e3o Jurer\u00ea", "valor": 131.0, "entregue": true, "timestamp": "2021-05-02T19:48:09.765Z"}, {"id": 73, "cliente": "Helo\u00edsa Sobreira", "produto": "Camar\u00e3o Jurer\u00ea", "valor": 131.0, "entregue": true, "timestamp": "2021-05-02T19:48:09.765Z"}, {"id": 74, "cliente": "Vin\u00edcius Quinzeiro", "produto": "Camar\u00e3o Jurer\u00ea", "valor": 131.0, "entregue": true, "timestamp": "2021-05-02T19:48:09.765Z"}, {"id": 75, "cliente": "L\u00edlia Vasconcelos", "produto": "Camar\u00e3o Beira Mar", "valor": 216.0, "entregue": true, "timestamp": "2021-05-02T19:48:09.765Z"}, {"id": 76, "cliente": "Luana Teves", "produto": "Camar\u00e3o Jurer\u00ea", "valor": 131.0, "entregue": true, "timestamp": "2021-05-02T19:48:09.765Z"}, {"id": 77, "cliente": "Rosana Azenha", "produto": "Camar\u00e3o Coco Bambu", "valor": 179.0, "entregue": true, "timestamp": "2021-05-02T19:48:09.765Z"}, {"id": 78, "cliente": "Luana Teves", "produto": "Camar\u00e3o Jurer\u00ea", "valor": 131.0, "entregue": true, "timestamp": "2021-05-02T19:48:09.765Z"}, {"id": 79, "cliente": "Juca Varej\u00e3o", "produto": "Camar\u00e3o \u00e0 Del\u00edcia", "valor": 193.0, "entregue": true, "timestamp": "2021-05-02T19:48:09.765Z"}, {"id": 80, "cliente": "Agostinho Faro", "produto": "Camar\u00e3o Jangadeiro", "valor": 213.0, "entregue": true, "timestamp": "2021-05-02T19:48:09.765Z"}, {"id": 81, "cliente": "Helo\u00edsa Sobreira", "produto": "Camar\u00e3o Jurer\u00ea", "valor": 131.0, "entregue": true, "timestamp": "2021-05-02T19:48:09.765Z"}, {"id": 82, "cliente": "Gustavo Sim\u00e3o", "produto": "Camar\u00e3o \u00e0 Del\u00edcia", "valor": 193.0, "entregue": true, "timestamp": "2021-05-02T19:48:09.765Z"}, {"id": 83, "cliente": "Helo\u00edsa Sobreira", "produto": "Camar\u00e3o Coco Bambu", "valor": 179.0, "entregue": true, "timestamp": "2021-05-02T19:48:09.765Z"}, {"id": 84, "produto": "Camar\u00e3o \u00e0 Del\u00edcia", "valor": 193.0, "entregue": true, "timestamp": "2021-05-02T19:48:09.765Z"}, {"id": 85, "cliente": "Gustavo Brand\u00e3o", "produto": "Camar\u00e3o B\u00fazios", "valor": 96.0, "entregue": true, "timestamp": "2021-05-02T19:48:09.765Z"}, {"id": 86, "cliente": "L\u00edlia Vasconcelos", "produto": "Camar\u00e3o Beira Mar", "valor": 216.0, "entregue": true, "timestamp": "2021-05-02T19:48:09.765Z"}, {"id": 87, "cliente": "Arthur Bragan\u00e7a", "produto": "Camar\u00e3o \u00e0 Del\u00edcia", "valor": 193.0, "entregue": true, "timestamp": "2021-05-02T19:48:09.765Z"}, {"id": 88, "cliente": "Clara Bragan\u00e7a", "produto": "Camar\u00e3o Jangadeiro", "valor": 213.0, "entregue": true, "timestamp": "2021-05-02T19:48:09.765Z"}, {"id": 89, "cliente": "Ana Rua", "produto": "Camar\u00e3o \u00e0 Del\u00edcia", "valor": 193.0, "entregue": true, "timestamp": "2021-05-02T19:48:09.765Z"}, {"id": 90, "cliente": "Aline Alc\u00e2ntara", "produto": "Camar\u00e3o Beira Mar", "valor": 216.0, "entregue": true, "timestamp": "2021-05-02T19:48:09.765Z"}, {"id": 91, "cliente": "Pedro Fernando", "produto": "Camar\u00e3o Jurer\u00ea", "valor": 131.0, "entregue": true, "timestamp": "2021-05-02T19:48:09.765Z"}, {"id": 92, "cliente": "Armando Salles", "produto": "Camar\u00e3o Beira Mar", "valor": 216.0, "entregue": true, "timestamp": "2021-05-02T19:48:09.765Z"}, {"id": 93, "cliente": "Dinis Thamily", "produto": "Camar\u00e3o Coco Bambu", "valor": 179.0, "entregue": true, "timestamp": "2021-05-02T19:48:09.765Z"}, {"id": 94, "cliente": "Gustavo Brand\u00e3o", "produto": "Camar\u00e3o \u00e0 Del\u00edcia", "valor": 193.0, "entregue": false, "timestamp": "2021-05-02T19:48:09.765Z"}, {"id": 95, "cliente": "Larissa Silva", "produto": "Camar\u00e3o Coco Bambu", "valor": 179.0, "entregue": true, "timestamp": "2021-05-02T19:48:09.765Z"}, {"id": 96, "cliente": "Nilza Martinho", "produto": "Camar\u00e3o B\u00fazios", "valor": 96.0, "entregue": true, "timestamp": "2021-05-02T19:48:09.766Z"}, {"id": 97, "cliente": "Aline Alc\u00e2ntara", "produto": "Camar\u00e3o Beira Mar", "valor": 216.0, "entregue": true, "timestamp": "2021-05-02T19:48:09.766Z"}, {"id": 98, "cliente": "Francisca Azenha", "produto": "Camar\u00e3o Beira Mar", "valor": 216.0, "entregue": true, "timestamp": "2021-05-02T19:48:09.766Z"}, {"id": 99, "cliente": "Bento Torcato", "produto": "Camar\u00e3o Jurer\u00ea", "valor": 131.0, "entregue": true, "timestamp": "2021-05-02T19:48:09.766Z"}, {"id": 100, "cliente": "Telma Simas", "produto": "Camar\u00e3o Jurer\u00ea", "valor": 131.0, "entregue": true, "timestamp": "2021-05-02T19:48:09.766Z"}, {"id": 101, "cliente": "Vin\u00edcius Quinzeiro", "produto": "Camar\u00e3o Internacional", "valor": 136.0, "entregue": true, "timestamp": "2021-05-02T19:48:09.766Z"}, {"id": 102, "cliente": "Larissa Silva", "produto": "Camar\u00e3o B\u00fazios", "valor": 96.0, "entregue": true, "timestamp": "2021-05-02T19:48:09.766Z"}, {"id": 103, "cliente": "Clara Bragan\u00e7a", "produto": "Camar\u00e3o Beira Mar", "valor": 216.0, "entregue": true, "timestamp": "2021-05-02T19:48:09.766Z"}, {"id": 104, "cliente": "Telma Simas", "produto": "Camar\u00e3o Beira Mar", "valor": 216.0, "entregue": true, "timestamp": "2021-05-02T19:48:09.766Z"}, {"id": 105, "cliente": "Vanessa P\u00e1dua", "produto": "Camar\u00e3o Jangadeiro", "valor": 213.0, "entregue": true, "timestamp": "2021-05-02T19:48:09.766Z"}, {"id": 106, "cliente": "Luana Teves", "produto": "Camar\u00e3o B\u00fazios", "valor": 96.0, "entregue": true, "timestamp": "2021-05-02T19:48:09.766Z"}, {"id": 107, "cliente": "Arthur Bragan\u00e7a", "produto": "Camar\u00e3o \u00e0 Del\u00edcia", "valor": 193.0, "entregue": true, "timestamp": "2021-05-02T19:48:09.766Z"}, {"id": 108, "cliente": "Rosana Azenha", "produto": "Camar\u00e3o Jangadeiro", "valor": 213.0, "entregue": true, "timestamp": "2021-05-02T19:48:09.766Z"}, {"id": 109, "cliente": "Helo\u00edsa Sobreira", "produto": "Camar\u00e3o Coco Bambu", "valor": 179.0, "entregue": true, "timestamp": "2021-05-02T19:48:09.766Z"}, {"id": 110, "cliente": "Gustavo Brand\u00e3o", "produto": "Camar\u00e3o Jangadeiro", "valor": 213.0, "entregue": true, "timestamp": "2021-05-02T19:48:09.766Z"}, {"id": 111, "cliente": "Luize Alcoforado", "produto": "Camar\u00e3o Jangadeiro", "valor": 213.0, "entregue": true, "timestamp": "2021-05-02T19:48:09.766Z"}, {"id": 112, "cliente": "Juca Varej\u00e3o", "produto": "Camar\u00e3o Jangadeiro", "valor": 213.0, "entregue": true, "timestamp": "2021-05-02T19:48:09.766Z"}, {"id": 113, "cliente": "Ricardo Piraj\u00e1", "produto": "Camar\u00e3o Coco Bambu", "valor": 179.0, "entregue": true, "timestamp": "2021-05-02T19:48:09.766Z"}, {"id": 114, "cliente": "Oscar   Gaspar", "produto": "Camar\u00e3o Jurer\u00ea", "valor": 131.0, "entregue": true, "timestamp": "2021-05-02T19:48:09.766Z"}, {"id": 115, "cliente": "Emiliana Vilalobos", "produto": "Camar\u00e3o B\u00fazios", "valor": 96.0, "entregue": true, "timestamp": "2021-05-02T19:48:09.766Z"}, {"id": 116, "cliente": "M\u00f4nica Simas", "produto": "Camar\u00e3o Internacional", "valor": 136.0, "entregue": false, "timestamp": "2021-05-02T19:48:09.766Z"}, {"id": 117, "cliente": "Luize Alcoforado", "produto": "Camar\u00e3o B\u00fazios", "valor": 96.0, "entregue": true, "timestamp": "2021-05-02T19:48:09.766Z"}, {"id": 118, "cliente": "Romano Lopes", "produto": "Camar\u00e3o Jangadeiro", "valor": 213.0, "entregue": true, "timestamp": "2021-05-02T19:48:09.766Z"}, {"id": 119, "cliente": "Vanessa P\u00e1dua", "produto": "Camar\u00e3o Beira Mar", "valor": 216.0, "entregue": true, "timestamp": "2021-05-02T19:48:09.766Z"}, {"id": 120, "cliente": "Francisca Parreira", "produto": "Camar\u00e3o \u00e0 Del\u00edcia", "valor": 193.0, "entregue": true, "timestamp": "2021-05-02T19:48:09.766Z"}, {"id": 121, "cliente": "Francisca Parreira", "produto": "Camar\u00e3o Coco Bambu", "valor": 179.0, "entregue": true, "timestamp": "2021-05-02T19:48:09.766Z"}, {"id": 122, "cliente": "Ricardo Piraj\u00e1", "produto": "Camar\u00e3o Jurer\u00ea", "valor": 131.0, "entregue": true, "timestamp": "2021-05-02T19:48:09.766Z"}, {"id": 123, "cliente": "Francisca Parreira", "produto": "Camar\u00e3o Coco Bambu", "valor": 179.0, "entregue": true, "timestamp": "2021-05-02T19:48:09.766Z"}, {"id": 124, "cliente": "Arthur Bragan\u00e7a", "produto": "Camar\u00e3o Internacional", "valor": 136.0, "entregue": true, "timestamp": "2021-05-02T19:48:09.766Z"}, {"id": 125, "produto": "Camar\u00e3o Coco Bambu", "valor": 179.0, "entregue": false, "timestamp": "2021-05-02T19:48:09.766Z"}, {"id": 126, "cliente": "Telma Simas", "produto": "Camar\u00e3o \u00e0 Del\u00edcia", "valor": 193.0, "entregue": true, "timestamp": "2021-05-02T19:48:09.766Z"}, {"id": 127, "cliente": "Clara Bragan\u00e7a", "produto": "Camar\u00e3o Internacional", "valor": 136.0, "entregue": true, "timestamp": "2021-05-02T19:48:09.766Z"}, {"id": 128, "cliente": "Telma Simas", "produto": "Camar\u00e3o Coco Bambu", "valor": 179.0, "entregue": true, "timestamp": "2021-05-02T19:48:09.766Z"}, {"id": 129, "cliente": "Rosana Azenha", "produto": "Camar\u00e3o Jangadeiro", "valor": 213.0, "entregue": true, "timestamp": "2021-05-02T19:48:09.766Z"}, {"id": 130, "cliente": "Iraci Dorneles", "produto": "Camar\u00e3o B\u00fazios", "valor": 96.0, "entregue": true, "timestamp": "2021-05-02T19:48:09.766Z"}, {"id": 131, "produto": "Camar\u00e3o B\u00fazios", "valor": 96.0, "entregue": true, "timestamp": "2021-05-02T19:48:09.766Z"}, {"id": 132, "cliente": "Larissa Silva", "produto": "Camar\u00e3o Jangadeiro", "valor": 213.0, "entregue": true, "timestamp": "2021-05-02T19:48:09.766Z"}, {"id": 133, "cliente": "Juca Varej\u00e3o", "produto": "Camar\u00e3o Jurer\u00ea", "valor": 131.0, "entregue": true, "timestamp": "2021-05-02T19:48:09.766Z"}, {"id": 134, "cliente": "Pedro Fernando", "produto": "Camar\u00e3o Beira Mar", "valor": 216.0, "entregue": true, "timestamp": "2021-05-02T19:48:09.766Z"}, {"id": 135, "cliente": "Armando Salles", "produto": "Camar\u00e3o Internacional", "valor": 136.0, "entregue": true, "timestamp": "2021-05-02T19:48:09.766Z"}, {"id": 136, "cliente": "Juca Varej\u00e3o", "produto": "Camar\u00e3o Jangadeiro", "valor": 213.0, "entregue": true, "timestamp": "2021-05-02T19:48:09.766Z"}, {"id": 137, "cliente": "Ricardo Piraj\u00e1", "produto": "Camar\u00e3o B\u00fazios", "valor": 96.0, "entregue": true, "timestamp": "2021-05-02T19:48:09.766Z"}, {"id": 138, "cliente": "Oscar   Gaspar", "produto": "Camar\u00e3o Internacional", "valor": 136.0, "entregue": true, "timestamp": "2021-05-02T19:48:09.766Z"}, {"id": 139, "cliente": "Dinis Thamily", "produto": "Camar\u00e3o Coco Bambu", "valor": 179.0, "entregue": true, "timestamp": "2021-05-02T19:48:09.766Z"}, {"id": 140, "cliente": "Gustavo Brand\u00e3o", "produto": "Camar\u00e3o Beira Mar", "valor": 216.0, "entregue": true, "timestamp": "2021-05-02T19:48:09.766Z"}, {"id": 141, "cliente": "Ver\u00edssimo Canadas", "produto": "Camar\u00e3o Beira Mar", "valor": 216.0, "entregue": true, "timestamp": "2021-05-02T19:48:09.766Z"}, {"id": 142, "cliente": "Fernando Salvador", "produto": "Camar\u00e3o Coco Bambu", "valor": 179.0, "entregue": true, "timestamp": "2021-05-02T19:48:09.766Z"}, {"id": 143, "cliente": "J\u00falia Filipe", "produto": "Camar\u00e3o B\u00fazios", "valor": 96.0, "entregue": true, "timestamp": "2021-05-02T19:48:09.766Z"}, {"id": 144, "cliente": "J\u00falia Castelo Branco", "produto": "Camar\u00e3o Jangadeiro", "valor": 213.0, "entregue": true, "timestamp": "2021-05-02T19:48:09.766Z"}, {"id": 145, "cliente": "Vin\u00edcius Quinzeiro", "produto": "Camar\u00e3o Jangadeiro", "valor": 213.0, "entregue": true, "timestamp": "2021-05-02T19:48:09.766Z"}, {"id": 146, "cliente": "L\u00edlia Vasconcelos", "produto": "Camar\u00e3o Internacional", "valor": 136.0, "entregue": true, "timestamp": "2021-05-02T19:48:09.766Z"}, {"id": 147, "cliente": "Dinis Thamily", "produto": "Camar\u00e3o Jangadeiro", "valor": 213.0, "entregue": true, "timestamp": "2021-05-02T19:48:09.766Z"}, {"id": 148, "cliente": "Gustavo Brand\u00e3o", "produto": "Camar\u00e3o Beira Mar", "valor": 216.0, "entregue": true, "timestamp": "2021-05-02T19:48:09.766Z"}, {"id": 149, "cliente": "Emiliana Vilalobos", "produto": "Camar\u00e3o Jangadeiro", "valor": 213.0, "entregue": true, "timestamp": "2021-05-02T19:48:09.766Z"}, {"id": 150, "cliente": "Kl\u00e9ber Barra", "produto": "Camar\u00e3o Coco Bambu", "valor": 179.0, "entregue": true, "timestamp": "2021-05-02T19:48:09.766Z"}, {"id": 151, "cliente": "Daniel Pedroso", "produto": "Camar\u00e3o Internacional", "valor": 136.0, "entregue": true, "timestamp": "2021-05-02T19:48:09.766Z"}, {"id": 152, "cliente": "Romano Lopes", "produto": "Camar\u00e3o Internacional", "valor": 136.0, "entregue": true, "timestamp": "2021-05-02T19:48:09.766Z"}, {"id": 153, "cliente": "Bento Guimar\u00e3es", "produto": "Camar\u00e3o Coco Bambu", "valor": 179.0, "entregue": true, "timestamp": "2021-05-02T19:48:09.766Z"}, {"id": 154, "cliente": "Daniel Pedroso", "produto": "Camar\u00e3o \u00e0 Del\u00edcia", "valor": 193.0, "entregue": true, "timestamp": "2021-05-02T19:48:09.766Z"}, {"id": 155, "cliente": "Ricardo Piraj\u00e1", "produto": "Camar\u00e3o Internacional", "valor": 136.0, "entregue": true, "timestamp": "2021-05-02T19:48:09.766Z"}, {"id": 156, "cliente": "Emiliana Vilalobos", "produto": "Camar\u00e3o Jangadeiro", "valor": 213.0, "entregue": true, "timestamp": "2021-05-02T19:48:09.766Z"}, {"id": 157, "cliente": "Martinho Feitosa", "produto": "Camar\u00e3o Coco Bambu", "valor": 179.0, "entregue": true, "timestamp": "2021-05-02T19:48:09.766Z"}, {"id": 158, "cliente": "Pedro Fernando", "produto": "Camar\u00e3o B\u00fazios", "valor": 96.0, "entregue": true, "timestamp": "2021-05-02T19:48:09.766Z"}, {"id": 159, "cliente": "Sancha Pais", "produto": "Camar\u00e3o B\u00fazios", "valor": 96.0, "entregue": true, "timestamp": "2021-05-02T19:48:09.766Z"}, {"id": 160, "cliente": "Emiliana Vilalobos", "produto": "Camar\u00e3o B\u00fazios", "valor": 96.0, "entregue": true, "timestamp": "2021-05-02T19:48:09.766Z"}, {"id": 161, "cliente": "Kl\u00e9ber Barra", "produto": "Camar\u00e3o Beira Mar", "valor": 216.0, "entregue": true, "timestamp": "2021-05-02T19:48:09.766Z"}, {"id": 162, "cliente": "Sancha Pais", "produto": "Camar\u00e3o \u00e0 Del\u00edcia", "valor": 193.0, "entregue": true, "timestamp": "2021-05-02T19:48:09.766Z"}, {"id": 163, "cliente": "Bento Torcato", "produto": "Camar\u00e3o \u00e0 Del\u00edcia", "valor": 193.0, "entregue": false, "timestamp": "2021-05-02T19:48:09.766Z"}, {"id": 164, "cliente": "Bento Guimar\u00e3es", "produto": "Camar\u00e3o B\u00fazios", "valor": 96.0, "entregue": true, "timestamp": "2021-05-02T19:48:09.766Z"}, {"id": 165, "cliente": "Ver\u00edssimo Canadas", "produto": "Camar\u00e3o Jangadeiro", "valor": 213.0, "entregue": true, "timestamp": "2021-05-02T19:48:09.766Z"}, {"id": 166, "cliente": "Juca Varej\u00e3o", "produto": "Camar\u00e3o Beira Mar", "valor": 216.0, "entregue": true, "timestamp": "2021-05-02T19:48:09.766Z"}, {"id": 167, "cliente": "Ver\u00edssimo Canadas", "produto": "Camar\u00e3o Beira Mar", "valor": 216.0, "entregue": true, "timestamp": "2021-05-02T19:48:09.766Z"}, {"id": 168, "cliente": "Luize Alcoforado", "produto": "Camar\u00e3o \u00e0 Del\u00edcia", "valor": 193.0, "entregue": true, "timestamp": "2021-05-02T19:48:09.766Z"}, {"id": 169, "cliente": "Salvina Varej\u00e3o", "produto": "Camar\u00e3o Coco Bambu", "valor": 179.0, "entregue": true, "timestamp": "2021-05-02T19:48:09.766Z"}, {"id": 170, "cliente": "Agostinho Faro", "produto": "Camar\u00e3o Coco Bambu", "valor": 179.0, "entregue": true, "timestamp": "2021-05-02T19:48:09.766Z"}, {"id": 171, "cliente": "Judite Eir\u00f3", "produto": "Camar\u00e3o Jurer\u00ea", "valor": 131.0, "entregue": true, "timestamp": "2021-05-02T19:48:09.766Z"}, {"id": 172, "cliente": "Agostinho Faro", "produto": "Camar\u00e3o Jangadeiro", "valor": 213.0, "entregue": true, "timestamp": "2021-05-02T19:48:09.766Z"}, {"id": 173, "cliente": "Luize Alcoforado", "produto": "Camar\u00e3o Jangadeiro", "valor": 213.0, "entregue": true, "timestamp": "2021-05-02T19:48:09.766Z"}, {"id": 174, "cliente": "Vanessa P\u00e1dua", "produto": "Camar\u00e3o \u00e0 Del\u00edcia", "valor": 193.0, "entregue": true, "timestamp": "2021-05-02T19:48:09.766Z"}, {"id": 175, "cliente": "Armando Salles", "produto": "Camar\u00e3o Internacional", "valor": 136.0, "entregue": true, "timestamp": "2021-05-02T19:48:09.766Z"}, {"id": 176, "cliente": "Aline Alc\u00e2ntara", "produto": "Camar\u00e3o \u00e0 Del\u00edcia", "valor": 193.0, "entregue": true, "timestamp": "2021-05-02T19:48:09.766Z"}, {"id": 177, "cliente": "Bernardo Chagas", "produto": "Camar\u00e3o Internacional", "valor": 136.0, "entregue": true, "timestamp": "2021-05-02T19:48:09.766Z"}, {"id": 178, "cliente": "Ricardo Piraj\u00e1", "produto": "Camar\u00e3o Coco Bambu", "valor": 179.0, "entregue": true, "timestamp": "2021-05-02T19:48:09.766Z"}, {"id": 179, "cliente": "Cleiton Raposo", "produto": "Camar\u00e3o Jurer\u00ea", "valor": 131.0, "entregue": true, "timestamp": "2021-05-02T19:48:09.766Z"}, {"id": 180, "cliente": "Aline Alc\u00e2ntara", "produto": "Camar\u00e3o \u00e0 Del\u00edcia", "valor": 193.0, "entregue": true, "timestamp": "2021-05-02T19:48:09.766Z"}, {"id": 181, "cliente": "Juca Varej\u00e3o", "produto": "Camar\u00e3o B\u00fazios", "valor": 96.0, "entregue": true, "timestamp": "2021-05-02T19:48:09.766Z"}, {"id": 182, "cliente": "Teresa Almeida", "produto": "Camar\u00e3o B\u00fazios", "valor": 96.0, "entregue": true, "timestamp": "2021-05-02T19:48:09.766Z"}, {"id": 183, "cliente": "J\u00falia Filipe", "produto": "Camar\u00e3o Jangadeiro", "valor": 213.0, "entregue": false, "timestamp": "2021-05-02T19:48:09.766Z"}, {"id": 184, "cliente": "Sancha Pais", "produto": "Camar\u00e3o Internacional", "valor": 136.0, "entregue": true, "timestamp": "2021-05-02T19:48:09.766Z"}, {"id": 185, "cliente": "Ana Rua", "produto": "Camar\u00e3o Coco Bambu", "valor": 179.0, "entregue": true, "timestamp": "2021-05-02T19:48:09.766Z"}, {"id": 186, "cliente": "Luana Teves", "produto": "Camar\u00e3o Jangadeiro", "valor": 213.0, "entregue": true, "timestamp": "2021-05-02T19:48:09.766Z"}, {"id": 187, "produto": "Camar\u00e3o Beira Mar", "valor": 216.0, "entregue": true, "timestamp": "2021-05-02T19:48:09.766Z"}, {"id": 188, "cliente": "Bento Torcato", "produto": "Camar\u00e3o B\u00fazios", "valor": 96.0, "entregue": true, "timestamp": "2021-05-02T19:48:09.766Z"}, {"id": 189, "cliente": "Gustavo Brand\u00e3o", "produto": "Camar\u00e3o B\u00fazios", "valor": 96.0, "entregue": true, "timestamp": "2021-05-02T19:48:09.766Z"}, {"id": 190, "cliente": "Oscar   Gaspar", "produto": "Camar\u00e3o Internacional", "valor": 136.0, "entregue": true, "timestamp": "2021-05-02T19:48:09.766Z"}, {"id": 191, "cliente": "L\u00edlia Vasconcelos", "produto": "Camar\u00e3o B\u00fazios", "valor": 96.0, "entregue": true, "timestamp": "2021-05-02T19:48:09.766Z"}, {"id": 192, "cliente": "Ricardo Piraj\u00e1", "produto": "Camar\u00e3o Jurer\u00ea", "valor": 131.0, "entregue": true, "timestamp": "2021-05-02T19:48:09.766Z"}, {"id": 193, "cliente": "Francisca Parreira", "produto": "Camar\u00e3o Coco Bambu", "valor": 179.0, "entregue": true, "timestamp": "2021-05-02T19:48:09.766Z"}, {"id": 194, "cliente": "Telma Simas", "produto": "Camar\u00e3o Jurer\u00ea", "valor": 131.0, "entregue": true, "timestamp": "2021-05-02T19:48:09.766Z"}, {"id": 195, "cliente": "Luize Alcoforado", "produto": "Camar\u00e3o Jurer\u00ea", "valor": 131.0, "entregue": true, "timestamp": "2021-05-02T19:48:09.766Z"}, {"id": 196, "cliente": "Ana Rua", "produto": "Camar\u00e3o B\u00fazios", "valor": 96.0, "entregue": true, "timestamp": "2021-05-02T19:48:09.766Z"}, {"id": 197, "cliente": "Fernando Salvador", "produto": "Camar\u00e3o B\u00fazios", "valor": 96.0, "entregue": false, "timestamp": "2021-05-02T19:48:09.766Z"}, {"id": 198, "cliente": "Martinho Feitosa", "produto": "Camar\u00e3o Jangadeiro", "valor": 213.0, "entregue": true, "timestamp": "2021-05-02T19:48:09.766Z"}, {"id": 199, "cliente": "Kl\u00e9ber Barra", "produto": "Camar\u00e3o \u00e0 Del\u00edcia", "valor": 193.0, "entregue": true, "timestamp": "2021-05-02T19:48:09.766Z"}, {"id": 200, "cliente": "Salvina Varej\u00e3o", "produto": "Camar\u00e3o Jurer\u00ea", "valor": 131.0, "entregue": true, "timestamp": "2021-05-02T19:48:09.766Z"}, {"id": 201, "cliente": "Teresa Almeida", "produto": "Camar\u00e3o Jangadeiro", "valor": 213.0, "entregue": true, "timestamp": "2021-05-02T19:48:09.766Z"}, {"id": 202, "cliente": "Bento Torcato", "produto": "Camar\u00e3o Jangadeiro", "valor": 213.0, "entregue": true, "timestamp": "2021-05-02T19:48:09.766Z"}, {"id": 203, "cliente": "Gustavo Sim\u00e3o", "produto": "Camar\u00e3o B\u00fazios", "valor": 96.0, "entregue": true, "timestamp": "2021-05-02T19:48:09.766Z"}, {"id": 204, "cliente": "Daniel Pedroso", "produto": "Camar\u00e3o Internacional", "valor": 136.0, "entregue": true, "timestamp": "2021-05-02T19:48:09.766Z"}, {"id": 205, "cliente": "T\u00e2nia Cardoso", "produto": "Camar\u00e3o Beira Mar", "valor": 216.0, "entregue": true, "timestamp": "2021-05-02T19:48:09.766Z"}, {"id": 206, "cliente": "Juca Varej\u00e3o", "produto": "Camar\u00e3o B\u00fazios", "valor": 96.0, "entregue": true, "timestamp": "2021-05-02T19:48:09.766Z"}, {"id": 207, "cliente": "Gustavo Brand\u00e3o", "produto": "Camar\u00e3o Coco Bambu", "valor": 179.0, "entregue": true, "timestamp": "2021-05-02T19:48:09.766Z"}, {"id": 208, "cliente": "Vin\u00edcius Quinzeiro", "produto": "Camar\u00e3o Coco Bambu", "valor": 179.0, "entregue": true, "timestamp": "2021-05-02T19:48:09.766Z"}, {"id": 209, "cliente": "Sim\u00e3o Padilha", "produto": "Camar\u00e3o Beira Mar", "valor": 216.0, "entregue": true, "timestamp": "2021-05-02T19:48:09.766Z"}, {"id": 210, "cliente": "Salvina Varej\u00e3o", "produto": "Camar\u00e3o Jangadeiro", "valor": 213.0, "entregue": true, "timestamp": "2021-05-02T19:48:09.766Z"}, {"id": 211, "cliente": "Gustavo Brand\u00e3o", "produto": "Camar\u00e3o B\u00fazios", "valor": 96.0, "entregue": true, "timestamp": "2021-05-02T19:48:09.766Z"}, {"id": 212, "cliente": "Martinho Feitosa", "produto": "Camar\u00e3o Jurer\u00ea", "valor": 131.0, "entregue": true, "timestamp": "2021-05-02T19:48:09.766Z"}, {"id": 213, "cliente": "J\u00falia Filipe", "produto": "Camar\u00e3o B\u00fazios", "valor": 96.0, "entregue": true, "timestamp": "2021-05-02T19:48:09.766Z"}, {"id": 214, "cliente": "Francisca Azenha", "produto": "Camar\u00e3o Jangadeiro", "valor": 213.0, "entregue": true, "timestamp": "2021-05-02T19:48:09.766Z"}, {"id": 215, "cliente": "Ana Rua", "produto": "Camar\u00e3o \u00e0 Del\u00edcia", "valor": 193.0, "entregue": true, "timestamp": "2021-05-02T19:48:09.766Z"}, {"id": 216, "cliente": "Virg\u00edlio P\u00e1dua", "produto": "Camar\u00e3o Jangadeiro", "valor": 213.0, "entregue": true, "timestamp": "2021-05-02T19:48:09.766Z"}, {"id": 217, "cliente": "Francisca Azenha", "produto": "Camar\u00e3o Jurer\u00ea", "valor": 131.0, "entregue": false, "timestamp": "2021-05-02T19:48:09.766Z"}, {"id": 218, "cliente": "Vanessa P\u00e1dua", "produto": "Camar\u00e3o Beira Mar", "valor": 216.0, "entregue": true, "timestamp": "2021-05-02T19:48:09.766Z"}, {"id": 219, "cliente": "Clara Bragan\u00e7a", "produto": "Camar\u00e3o B\u00fazios", "valor": 96.0, "entregue": true, "timestamp": "2021-05-02T19:48:09.766Z"}, {"id": 220, "cliente": "Teresa Almeida", "produto": "Camar\u00e3o Coco Bambu", "valor": 179.0, "entregue": true, "timestamp": "2021-05-02T19:48:09.766Z"}, {"id": 221, "cliente": "Helo\u00edsa Sobreira", "produto": "Camar\u00e3o Jurer\u00ea", "valor": 131.0, "entregue": true, "timestamp": "2021-05-02T19:48:09.766Z"}, {"id": 222, "cliente": "Clotilde Godoy", "produto": "Camar\u00e3o Beira Mar", "valor": 216.0, "entregue": true, "timestamp": "2021-05-02T19:48:09.766Z"}, {"id": 223, "cliente": "Bento Guimar\u00e3es", "produto": "Camar\u00e3o B\u00fazios", "valor": 96.0, "entregue": true, "timestamp": "2021-05-02T19:48:09.766Z"}, {"id": 224, "cliente": "Ver\u00edssimo Canadas", "produto": "Camar\u00e3o Internacional", "valor": 136.0, "entregue": false, "timestamp": "2021-05-02T19:48:09.766Z"}, {"id": 225, "cliente": "Gustavo Sim\u00e3o", "produto": "Camar\u00e3o B\u00fazios", "valor": 96.0, "entregue": true, "timestamp": "2021-05-02T19:48:09.766Z"}, {"id": 226, "cliente": "Armando Salles", "produto": "Camar\u00e3o Internacional", "valor": 136.0, "entregue": true, "timestamp": "2021-05-02T19:48:09.766Z"}, {"id": 227, "produto": "Camar\u00e3o Jangadeiro", "valor": 213.0, "entregue": true, "timestamp": "2021-05-02T19:48:09.766Z"}, {"id": 228, "cliente": "J\u00falia Castelo Branco", "produto": "Camar\u00e3o Jangadeiro", "valor": 213.0, "entregue": true, "timestamp": "2021-05-02T19:48:09.766Z"}, {"id": 229, "cliente": "Clotilde Godoy", "produto": "Camar\u00e3o Jurer\u00ea", "valor": 131.0, "entregue": true, "timestamp": "2021-05-02T19:48:09.766Z"}, {"id": 230, "cliente": "Daniel Pedroso", "produto": "Camar\u00e3o B\u00fazios", "valor": 96.0, "entregue": true, "timestamp": "2021-05-02T19:48:09.766Z"}, {"id": 231, "cliente": "Armando Salles", "produto": "Camar\u00e3o Internacional", "valor": 136.0, "entregue": true, "timestamp": "2021-05-02T19:48:09.766Z"}, {"id": 232, "cliente": "Iraci Dorneles", "produto": "Camar\u00e3o B\u00fazios", "valor": 96.0, "entregue": true, "timestamp": "2021-05-02T19:48:09.766Z"}, {"id": 233, "cliente": "Emiliana Vilalobos", "produto": "Camar\u00e3o Beira Mar", "valor": 216.0, "entregue": true, "timestamp": "2021-05-02T19:48:09.766Z"}, {"id": 234, "cliente": "Aline Alc\u00e2ntara", "produto": "Camar\u00e3o \u00e0 Del\u00edcia", "valor": 193.0, "entregue": false, "timestamp": "2021-05-02T19:48:09.766Z"}, {"id": 235, "cliente": "Gabriel Sabi\u00e3o", "produto": "Camar\u00e3o B\u00fazios", "valor": 96.0, "entregue": true, "timestamp": "2021-05-02T19:48:09.766Z"}, {"id": 236, "cliente": "M\u00f4nica Simas", "produto": "Camar\u00e3o Beira Mar", "valor": 216.0, "entregue": true, "timestamp": "2021-05-02T19:48:09.766Z"}, {"id": 237, "cliente": "T\u00e2nia Cardoso", "produto": "Camar\u00e3o Jangadeiro", "valor": 213.0, "entregue": true, "timestamp": "2021-05-02T19:48:09.766Z"}, {"id": 238, "cliente": "Bento Guimar\u00e3es", "produto": "Camar\u00e3o Internacional", "valor": 136.0, "entregue": true, "timestamp": "2021-05-02T19:48:09.766Z"}, {"id": 239, "cliente": "L\u00edlia Vasconcelos", "produto": "Camar\u00e3o Coco Bambu", "valor": 179.0, "entregue": true, "timestamp": "2021-05-02T19:48:09.766Z"}, {"id": 240, "cliente": "Emiliana Vilalobos", "produto": "Camar\u00e3o Internacional", "valor": 136.0, "entregue": true, "timestamp": "2021-05-02T19:48:09.766Z"}, {"id": 241, "cliente": "Juca Varej\u00e3o", "produto": "Camar\u00e3o \u00e0 Del\u00edcia", "valor": 193.0, "entregue": true, "timestamp": "2021-05-02T19:48:09.766Z"}, {"id": 242, "cliente": "Armando Salles", "produto": "Camar\u00e3o \u00e0 Del\u00edcia", "valor": 193.0, "entregue": true, "timestamp": "2021-05-02T19:48:09.766Z"}, {"id": 243, "cliente": "Cleiton Raposo", "produto": "Camar\u00e3o B\u00fazios", "valor": 96.0, "entregue": true, "timestamp": "2021-05-02T19:48:09.766Z"}, {"id": 244, "cliente": "Salvina Varej\u00e3o", "produto": "Camar\u00e3o Internacional", "valor": 136.0, "entregue": true, "timestamp": "2021-05-02T19:48:09.766Z"}, {"id": 245, "cliente": "Pedro Fernando", "produto": "Camar\u00e3o Beira Mar", "valor": 216.0, "entregue": true, "timestamp": "2021-05-02T19:48:09.766Z"}, {"id": 246, "produto": "Camar\u00e3o Coco Bambu", "valor": 179.0, "entregue": true, "timestamp": "2021-05-02T19:48:09.766Z"}, {"id": 247, "cliente": "Ana Rua", "produto": "Camar\u00e3o Jurer\u00ea", "valor": 131.0, "entregue": true, "timestamp": "2021-05-02T19:48:09.766Z"}, {"id": 248, "cliente": "Bernardo Chagas", "produto": "Camar\u00e3o Jangadeiro", "valor": 213.0, "entregue": true, "timestamp": "2021-05-02T19:48:09.766Z"}, {"id": 249, "cliente": "Judite Eir\u00f3", "produto": "Camar\u00e3o Jurer\u00ea", "valor": 131.0, "entregue": true, "timestamp": "2021-05-02T19:48:09.766Z"}, {"id": 250, "cliente": "M\u00f4nica Simas", "produto": "Camar\u00e3o Beira Mar", "valor": 216.0, "entregue": true, "timestamp": "2021-05-02T19:48:09.766Z"}, {"id": 251, "cliente": "Salvina Varej\u00e3o", "produto": "Camar\u00e3o Jangadeiro", "valor": 213.0, "entregue": true, "timestamp": "2021-05-02T19:48:09.766Z"}, {"id": 252, "cliente": "Virg\u00edlio P\u00e1dua", "produto": "Camar\u00e3o B\u00fazios", "valor": 96.0, "entregue": true, "timestamp": "2021-05-02T19:48:09.766Z"}, {"id": 253, "cliente": "Nilza Martinho", "produto": "Camar\u00e3o B\u00fazios", "valor": 96.0, "entregue": true, "timestamp": "2021-05-02T19:48:09.766Z"}, {"id": 254, "cliente": "L\u00edlia Vasconcelos", "produto": "Camar\u00e3o Coco Bambu", "valor": 179.0, "entregue": true, "timestamp": "2021-05-02T19:48:09.766Z"}, {"id": 255, "cliente": "Ana Rua", "produto": "Camar\u00e3o Jangadeiro", "valor": 213.0, "entregue": false, "timestamp": "2021-05-02T19:48:09.766Z"}, {"id": 256, "cliente": "Sim\u00e3o Padilha", "produto": "Camar\u00e3o \u00e0 Del\u00edcia", "valor": 193.0, "entregue": true, "timestamp": "2021-05-02T19:48:09.766Z"}, {"id": 257, "cliente": "Daniel Pedroso", "produto": "Camar\u00e3o Jangadeiro", "valor": 213.0, "entregue": true, "timestamp": "2021-05-02T19:48:09.766Z"}, {"id": 258, "cliente": "Arthur Bragan\u00e7a", "produto": "Camar\u00e3o Jangadeiro", "valor": 213.0, "entregue": true, "timestamp": "2021-05-02T19:48:09.766Z"}, {"id": 259, "cliente": "Bernardo Chagas", "produto": "Camar\u00e3o \u00e0 Del\u00edcia", "valor": 193.0, "entregue": true, "timestamp": "2021-05-02T19:48:09.766Z"}, {"id": 260, "cliente": "Iraci Dorneles", "produto": "Camar\u00e3o B\u00fazios", "valor": 96.0, "entregue": true, "timestamp": "2021-05-02T19:48:09.766Z"}, {"id": 261, "cliente": "Oscar   Gaspar", "produto": "Camar\u00e3o Internacional", "valor": 136.0, "entregue": true, "timestamp": "2021-05-02T19:48:09.766Z"}, {"id": 262, "cliente": "Dinis Thamily", "produto": "Camar\u00e3o Jangadeiro", "valor": 213.0, "entregue": true, "timestamp": "2021-05-02T19:48:09.766Z"}, {"id": 263, "cliente": "Ana Rua", "produto": "Camar\u00e3o Beira Mar", "valor": 216.0, "entregue": true, "timestamp": "2021-05-02T19:48:09.766Z"}, {"id": 264, "cliente": "Iraci Dorneles", "produto": "Camar\u00e3o Beira Mar", "valor": 216.0, "entregue": false, "timestamp": "2021-05-02T19:48:09.766Z"}, {"id": 265, "cliente": "Teresa Almeida", "produto": "Camar\u00e3o Internacional", "valor": 136.0, "entregue": true, "timestamp": "2021-05-02T19:48:09.766Z"}, {"id": 266, "cliente": "Aline Alc\u00e2ntara", "produto": "Camar\u00e3o \u00e0 Del\u00edcia", "valor": 193.0, "entregue": true, "timestamp": "2021-05-02T19:48:09.766Z"}, {"id": 267, "cliente": "Luana Teves", "produto": "Camar\u00e3o B\u00fazios", "valor": 96.0, "entregue": true, "timestamp": "2021-05-02T19:48:09.766Z"}, {"id": 268, "cliente": "Romano Lopes", "produto": "Camar\u00e3o Jangadeiro", "valor": 213.0, "entregue": true, "timestamp": "2021-05-02T19:48:09.766Z"}, {"id": 269, "cliente": "Iraci Dorneles", "produto": "Camar\u00e3o Jangadeiro", "valor": 213.0, "entregue": false, "timestamp": "2021-05-02T19:48:09.766Z"}, {"id": 270, "cliente": "Teresa Almeida", "produto": "Camar\u00e3o Internacional", "valor": 136.0, "entregue": true, "timestamp": "2021-05-02T19:48:09.766Z"}, {"id": 271, "cliente": "Helo\u00edsa Sobreira", "produto": "Camar\u00e3o B\u00fazios", "valor": 96.0, "entregue": true, "timestamp": "2021-05-02T19:48:09.766Z"}, {"id": 272, "cliente": "Bernardo Chagas", "produto": "Camar\u00e3o Beira Mar", "valor": 216.0, "entregue": true, "timestamp": "2021-05-02T19:48:09.766Z"}, {"id": 273, "cliente": "Luana Teves", "produto": "Camar\u00e3o Jurer\u00ea", "valor": 131.0, "entregue": true, "timestamp": "2021-05-02T19:48:09.766Z"}, {"id": 274, "cliente": "Armando Salles", "produto": "Camar\u00e3o Jangadeiro", "valor": 213.0, "entregue": true, "timestamp": "2021-05-02T19:48:09.766Z"}, {"id": 275, "cliente": "Larissa Silva", "produto": "Camar\u00e3o Jangadeiro", "valor": 213.0, "entregue": true, "timestamp": "2021-05-02T19:48:09.766Z"}, {"id": 276, "cliente": "Vin\u00edcius Quinzeiro", "produto": "Camar\u00e3o B\u00fazios", "valor": 96.0, "entregue": true, "timestamp": "2021-05-02T19:48:09.766Z"}, {"id": 277, "cliente": "Vin\u00edcius Quinzeiro", "produto": "Camar\u00e3o \u00e0 Del\u00edcia", "valor": 193.0, "entregue": true, "timestamp": "2021-05-02T19:48:09.766Z"}, {"id": 278, "cliente": "Gustavo Brand\u00e3o", "produto": "Camar\u00e3o \u00e0 Del\u00edcia", "valor": 193.0, "entregue": true, "timestamp": "2021-05-02T19:48:09.766Z"}, {"id": 279, "cliente": "Dinis Thamily", "produto": "Camar\u00e3o Internacional", "valor": 136.0, "entregue": true, "timestamp": "2021-05-02T19:48:09.766Z"}, {"id": 280, "cliente": "Clotilde Godoy", "produto": "Camar\u00e3o B\u00fazios", "valor": 96.0, "entregue": true, "timestamp": "2021-05-02T19:48:09.766Z"}, {"id": 281, "cliente": "Rosana Azenha", "produto": "Camar\u00e3o \u00e0 Del\u00edcia", "valor": 193.0, "entregue": true, "timestamp": "2021-05-02T19:48:09.766Z"}, {"id": 282, "cliente": "Cleiton Raposo", "produto": "Camar\u00e3o Jurer\u00ea", "valor": 131.0, "entregue": true, "timestamp": "2021-05-02T19:48:09.766Z"}, {"id": 283, "cliente": "Bento Guimar\u00e3es", "produto": "Camar\u00e3o Jurer\u00ea", "valor": 131.0, "entregue": true, "timestamp": "2021-05-02T19:48:09.766Z"}, {"id": 284, "cliente": "Francisca Parreira", "produto": "Camar\u00e3o Internacional", "valor": 136.0, "entregue": true, "timestamp": "2021-05-02T19:48:09.766Z"}, {"id": 285, "cliente": "Sim\u00e3o Padilha", "produto": "Camar\u00e3o \u00e0 Del\u00edcia", "valor": 193.0, "entregue": true, "timestamp": "2021-05-02T19:48:09.766Z"}, {"id": 286, "cliente": "Bernardo Chagas", "produto": "Camar\u00e3o B\u00fazios", "valor": 96.0, "entregue": false, "timestamp": "2021-05-02T19:48:09.766Z"}, {"id": 287, "cliente": "Telma Simas", "produto": "Camar\u00e3o Beira Mar", "valor": 216.0, "entregue": true, "timestamp": "2021-05-02T19:48:09.766Z"}, {"id": 288, "cliente": "Vanessa P\u00e1dua", "produto": "Camar\u00e3o Coco Bambu", "valor": 179.0, "entregue": true, "timestamp": "2021-05-02T19:48:09.766Z"}, {"id": 289, "cliente": "Teresa Almeida", "produto": "Camar\u00e3o B\u00fazios", "valor": 96.0, "entregue": true, "timestamp": "2021-05-02T19:48:09.766Z"}, {"id": 290, "cliente": "Luana Teves", "produto": "Camar\u00e3o Jurer\u00ea", "valor": 131.0, "entregue": true, "timestamp": "2021-05-02T19:48:09.766Z"}, {"id": 291, "cliente": "Pedro Fernando", "produto": "Camar\u00e3o Internacional", "valor": 136.0, "entregue": true, "timestamp": "2021-05-02T19:48:09.766Z"}, {"id": 292, "cliente": "T\u00e2nia Cardoso", "produto": "Camar\u00e3o B\u00fazios", "valor": 96.0, "entregue": true, "timestamp": "2021-05-02T19:48:09.766Z"}, {"id": 293, "cliente": "Arthur Bragan\u00e7a", "produto": "Camar\u00e3o Coco Bambu", "valor": 179.0, "entregue": true, "timestamp": "2021-05-02T19:48:09.766Z"}, {"id": 294, "cliente": "Francisca Parreira", "produto": "Camar\u00e3o B\u00fazios", "valor": 96.0, "entregue": true, "timestamp": "2021-05-02T19:48:09.766Z"}, {"id": 295, "cliente": "L\u00edlia Vasconcelos", "produto": "Camar\u00e3o \u00e0 Del\u00edcia", "valor": 193.0, "entregue": true, "timestamp": "2021-05-02T19:48:09.766Z"}, {"id": 296, "cliente": "Teresa Almeida", "produto": "Camar\u00e3o \u00e0 Del\u00edcia", "valor": 193.0, "entregue": true, "timestamp": "2021-05-02T19:48:09.766Z"}, {"id": 297, "cliente": "Judite Eir\u00f3", "produto": "Camar\u00e3o Jangadeiro", "valor": 213.0, "entregue": true, "timestamp": "2021-05-02T19:48:09.766Z"}, {"id": 298, "cliente": "Bernardo Chagas", "produto": "Camar\u00e3o Internacional", "valor": 136.0, "entregue": true, "timestamp": "2021-05-02T19:48:09.766Z"}, {"id": 299, "cliente": "Gabriel Sabi\u00e3o", "produto": "Camar\u00e3o Jangadeiro", "valor": 213.0, "entregue": true, "timestamp": "2021-05-02T19:48:09.766Z"}, {"id": 300, "cliente": "Clara Bragan\u00e7a", "produto": "Camar\u00e3o Jurer\u00ea", "valor": 131.0, "entregue": true, "timestamp": "2021-05-02T19:48:09.766Z"}, {"id": 301, "cliente": "Clara Bragan\u00e7a", "produto": "Camar\u00e3o Jurer\u00ea", "valor": 131.0, "entregue": true, "timestamp": "2021-05-02T19:48:09.766Z"}, {"id": 302, "cliente": "Fernando Salvador", "produto": "Camar\u00e3o Internacional", "valor": 136.0, "entregue": true, "timestamp": "2021-05-02T19:48:09.766Z"}, {"id": 303, "cliente": "Agostinho Faro", "produto": "Camar\u00e3o Jurer\u00ea", "valor": 131.0, "entregue": true, "timestamp": "2021-05-02T19:48:09.766Z"}, {"id": 304, "cliente": "Clotilde Godoy", "produto": "Camar\u00e3o Jurer\u00ea", "valor": 131.0, "entregue": true, "timestamp": "2021-05-02T19:48:09.766Z"}, {"id": 305, "cliente": "Francisca Azenha", "produto": "Camar\u00e3o Beira Mar", "valor": 216.0, "entregue": true, "timestamp": "2021-05-02T19:48:09.766Z"}, {"id": 306, "cliente": "Oscar   Gaspar", "produto": "Camar\u00e3o Jangadeiro", "valor": 213.0, "entregue": true, "timestamp": "2021-05-02T19:48:09.766Z"}, {"id": 307, "cliente": "Vin\u00edcius Quinzeiro", "produto": "Camar\u00e3o Jangadeiro", "valor": 213.0, "entregue": true, "timestamp": "2021-05-02T19:48:09.766Z"}, {"id": 308, "cliente": "Francisca Parreira", "produto": "Camar\u00e3o Jurer\u00ea", "valor": 131.0, "entregue": true, "timestamp": "2021-05-02T19:48:09.766Z"}, {"id": 309, "cliente": "Cleiton Raposo", "produto": "Camar\u00e3o Coco Bambu", "valor": 179.0, "entregue": true, "timestamp": "2021-05-02T19:48:09.766Z"}, {"id": 310, "cliente": "Rosana Azenha", "produto": "Camar\u00e3o Beira Mar", "valor": 216.0, "entregue": true, "timestamp": "2021-05-02T19:48:09.766Z"}, {"id": 311, "cliente": "Ver\u00edssimo Canadas", "produto": "Camar\u00e3o Internacional", "valor": 136.0, "entregue": true, "timestamp": "2021-05-02T19:48:09.766Z"}, {"id": 312, "cliente": "Salvina Varej\u00e3o", "produto": "Camar\u00e3o Coco Bambu", "valor": 179.0, "entregue": true, "timestamp": "2021-05-02T19:48:09.766Z"}, {"id": 313, "cliente": "Agostinho Faro", "produto": "Camar\u00e3o Jurer\u00ea", "valor": 131.0, "entregue": true, "timestamp": "2021-05-02T19:48:09.766Z"}, {"id": 314, "cliente": "Bernardo Chagas", "produto": "Camar\u00e3o \u00e0 Del\u00edcia", "valor": 193.0, "entregue": true, "timestamp": "2021-05-02T19:48:09.766Z"}, {"id": 315, "cliente": "Aline Alc\u00e2ntara", "produto": "Camar\u00e3o Coco Bambu", "valor": 179.0, "entregue": true, "timestamp": "2021-05-02T19:48:09.766Z"}, {"id": 316, "cliente": "Nilza Martinho", "produto": "Camar\u00e3o Coco Bambu", "valor": 179.0, "entregue": true, "timestamp": "2021-05-02T19:48:09.766Z"}, null, {"id": 318, "cliente": "Bento Torcato", "produto": "Camar\u00e3o Internacional", "valor": 136.0, "entregue": true, "timestamp": "2021-05-02T19:48:09.766Z"}, {"id": 319, "cliente": "T\u00e2nia Cardoso", "produto": "Camar\u00e3o Internacional", "valor": 136.0, "entregue": true, "timestamp": "2021-05-02T19:48:09.766Z"}, {"id": 320, "cliente": "Luana Teves", "produto": "Camar\u00e3o \u00e0 Del\u00edcia", "valor": 193.0, "entregue": true, "timestamp": "2021-05-02T19:48:09.766Z"}, {"id": 321, "cliente": "Oscar   Gaspar", "produto": "Camar\u00e3o Internacional", "valor": 136.0, "entregue": true, "timestamp": "2021-05-02T19:48:09.766Z"}, {"id": 322, "cliente": "Ana Rua", "produto": "Camar\u00e3o B\u00fazios", "valor": 96.0, "entregue": true, "timestamp": "2021-05-02T19:48:09.766Z"}, {"id": 323, "cliente": "Gabriel Sabi\u00e3o", "produto": "Camar\u00e3o B\u00fazios", "valor": 96.0, "entregue": true, "timestamp": "2021-05-02T19:48:09.766Z"}, {"id": 324, "cliente": "Larissa Silva", "produto": "Camar\u00e3o \u00e0 Del\u00edcia", "valor": 193.0, "entregue": true, "timestamp": "2021-05-02T19:48:09.766Z"}, {"id": 325, "cliente": "Vin\u00edcius Quinzeiro", "produto": "Camar\u00e3o Beira Mar", "valor": 216.0, "entregue": true, "timestamp": "2021-05-02T19:48:09.766Z"}, {"id": 326, "cliente": "Romano Lopes", "produto": "Camar\u00e3o Jangadeiro", "valor": 213.0, "entregue": true, "timestamp": "2021-05-02T19:48:09.766Z"}, {"id": 327, "cliente": "Luana Teves", "produto": "Camar\u00e3o Coco Bambu", "valor": 179.0, "entregue": true, "timestamp": "2021-05-02T19:48:09.766Z"}, {"id": 328, "cliente": "Romano Lopes", "produto": "Camar\u00e3o Jurer\u00ea", "valor": 131.0, "entregue": true, "timestamp": "2021-05-02T19:48:09.766Z"}, {"id": 329, "cliente": "Luana Teves", "produto": "Camar\u00e3o Jangadeiro", "valor": 213.0, "entregue": true, "timestamp": "2021-05-02T19:48:09.766Z"}, {"id": 330, "cliente": "Gabriel Sabi\u00e3o", "produto": "Camar\u00e3o B\u00fazios", "valor": 96.0, "entregue": true, "timestamp": "2021-05-02T19:48:09.766Z"}, {"id": 331, "cliente": "Ver\u00edssimo Canadas", "produto": "Camar\u00e3o B\u00fazios", "valor": 96.0, "entregue": true, "timestamp": "2021-05-02T19:48:09.766Z"}, {"id": 332, "cliente": "M\u00f4nica Simas", "produto": "Camar\u00e3o Jangadeiro", "valor": 213.0, "entregue": true, "timestamp": "2021-05-02T19:48:09.766Z"}, {"id": 333, "cliente": "Iraci Dorneles", "produto": "Camar\u00e3o B\u00fazios", "valor": 96.0, "entregue": true, "timestamp": "2021-05-02T19:48:09.766Z"}, {"id": 334, "cliente": "Clotilde Godoy", "produto": "Camar\u00e3o Jangadeiro", "valor": 213.0, "entregue": true, "timestamp": "2021-05-02T19:48:09.766Z"}, {"id": 335, "cliente": "Clotilde Godoy", "produto": "Camar\u00e3o Internacional", "valor": 136.0, "entregue": true, "timestamp": "2021-05-02T19:48:09.766Z"}, {"id": 336, "cliente": "Bernardo Chagas", "produto": "Camar\u00e3o B\u00fazios", "valor": 96.0, "entregue": true, "timestamp": "2021-05-02T19:48:09.766Z"}, {"id": 337, "cliente": "Sancha Pais", "produto": "Camar\u00e3o \u00e0 Del\u00edcia", "valor": 193.0, "entregue": true, "timestamp": "2021-05-02T19:48:09.766Z"}, {"id": 338, "cliente": "Fernando Salvador", "produto": "Camar\u00e3o Internacional", "valor": 136.0, "entregue": true, "timestamp": "2021-05-02T19:48:09.766Z"}, {"id": 339, "cliente": "Aline Alc\u00e2ntara", "produto": "Camar\u00e3o B\u00fazios", "valor": 96.0, "entregue": false, "timestamp": "2021-05-02T19:48:09.766Z"}, {"id": 340, "cliente": "Vanessa P\u00e1dua", "produto": "Camar\u00e3o B\u00fazios", "valor": 96.0, "entregue": true, "timestamp": "2021-05-02T19:48:09.766Z"}, {"id": 341, "cliente": "Francisca Parreira", "produto": "Camar\u00e3o Beira Mar", "valor": 216.0, "entregue": true, "timestamp": "2021-05-02T19:48:09.766Z"}, {"id": 342, "cliente": "Vanessa P\u00e1dua", "produto": "Camar\u00e3o Jurer\u00ea", "valor": 131.0, "entregue": true, "timestamp": "2021-05-02T19:48:09.766Z"}, {"id": 343, "cliente": "Rosana Azenha", "produto": "Camar\u00e3o Coco Bambu", "valor": 179.0, "entregue": true, "timestamp": "2021-05-02T19:48:09.766Z"}, {"id": 344, "cliente": "M\u00f4nica Simas", "produto": "Camar\u00e3o \u00e0 Del\u00edcia", "valor": 193.0, "entregue": false, "timestamp": "2021-05-02T19:48:09.766Z"}, {"id": 345, "cliente": "Kl\u00e9ber Barra", "produto": "Camar\u00e3o Jangadeiro", "valor": 213.0, "entregue": true, "timestamp": "2021-05-02T19:48:09.766Z"}, {"id": 346, "cliente": "Daniel Pedroso", "produto": "Camar\u00e3o Internacional", "valor": 136.0, "entregue": true, "timestamp": "2021-05-02T19:48:09.766Z"}, {"id": 347, "cliente": "Arthur Bragan\u00e7a", "produto": "Camar\u00e3o Beira Mar", "valor": 216.0, "entregue": true, "timestamp": "2021-05-02T19:48:09.766Z"}, {"id": 348, "cliente": "Dinis Thamily", "produto": "Camar\u00e3o Jurer\u00ea", "valor": 131.0, "entregue": true, "timestamp": "2021-05-02T19:48:09.766Z"}, {"id": 349, "cliente": "Bento Guimar\u00e3es", "produto": "Camar\u00e3o Jurer\u00ea", "valor": 131.0, "entregue": true, "timestamp": "2021-05-02T19:48:09.766Z"}, {"id": 350, "cliente": "Teresa Almeida", "produto": "Camar\u00e3o B\u00fazios", "valor": 96.0, "entregue": true, "timestamp": "2021-05-02T19:48:09.766Z"}, {"id": 351, "cliente": "Sim\u00e3o Padilha", "produto": "Camar\u00e3o \u00e0 Del\u00edcia", "valor": 193.0, "entregue": true, "timestamp": "2021-05-02T19:48:09.766Z"}, {"id": 352, "cliente": "Gabriel Sabi\u00e3o", "produto": "Camar\u00e3o Internacional", "valor": 136.0, "entregue": true, "timestamp": "2021-05-02T19:48:09.766Z"}, {"id": 353, "cliente": "Luize Alcoforado", "produto": "Camar\u00e3o Beira Mar", "valor": 216.0, "entregue": true, "timestamp": "2021-05-02T19:48:09.766Z"}, {"id": 354, "cliente": "Romano Lopes", "produto": "Camar\u00e3o Jurer\u00ea", "valor": 131.0, "entregue": true, "timestamp": "2021-05-02T19:48:09.766Z"}, {"id": 355, "cliente": "Arthur Bragan\u00e7a", "produto": "Camar\u00e3o Coco Bambu", "valor": 179.0, "entregue": false, "timestamp": "2021-05-02T19:48:09.766Z"}, {"id": 356, "cliente": "Luize Alcoforado", "produto": "Camar\u00e3o Beira Mar", "valor": 216.0, "entregue": true, "timestamp": "2021-05-02T19:48:09.766Z"}, {"id": 357, "cliente": "Luana Teves", "produto": "Camar\u00e3o Beira Mar", "valor": 216.0, "entregue": true, "timestamp": "2021-05-02T19:48:09.766Z"}, {"id": 358, "cliente": "Gustavo Brand\u00e3o", "produto": "Camar\u00e3o B\u00fazios", "valor": 96.0, "entregue": true, "timestamp": "2021-05-02T19:48:09.766Z"}, {"id": 359, "cliente": "Pedro Fernando", "produto": "Camar\u00e3o B\u00fazios", "valor": 96.0, "entregue": true, "timestamp": "2021-05-02T19:48:09.766Z"}, {"id": 360, "cliente": "T\u00e2nia Cardoso", "produto": "Camar\u00e3o Internacional", "valor": 136.0, "entregue": true, "timestamp": "2021-05-02T19:48:09.767Z"}, {"id": 361, "cliente": "Armando Salles", "produto": "Camar\u00e3o Internacional", "valor": 136.0, "entregue": true, "timestamp": "2021-05-02T19:48:09.767Z"}, {"id": 362, "cliente": "T\u00e2nia Cardoso", "produto": "Camar\u00e3o \u00e0 Del\u00edcia", "valor": 193.0, "entregue": true, "timestamp": "2021-05-02T19:48:09.767Z"}, {"id": 363, "cliente": "Dinis Thamily", "produto": "Camar\u00e3o \u00e0 Del\u00edcia", "valor": 193.0, "entregue": true, "timestamp": "2021-05-02T19:48:09.767Z"}, {"id": 364, "cliente": "Francisca Azenha", "produto": "Camar\u00e3o Coco Bambu", "valor": 179.0, "entregue": true, "timestamp": "2021-05-02T19:48:09.767Z"}, {"id": 365, "cliente": "Vanessa P\u00e1dua", "produto": "Camar\u00e3o Jurer\u00ea", "valor": 131.0, "entregue": true, "timestamp": "2021-05-02T19:48:09.767Z"}, {"id": 366, "cliente": "Ana Rua", "produto": "Camar\u00e3o B\u00fazios", "valor": 96.0, "entregue": true, "timestamp": "2021-05-02T19:48:09.767Z"}, {"id": 367, "cliente": "Clara Bragan\u00e7a", "produto": "Camar\u00e3o Jurer\u00ea", "valor": 131.0, "entregue": true, "timestamp": "2021-05-02T19:48:09.767Z"}, {"id": 368, "cliente": "Clara Bragan\u00e7a", "produto": "Camar\u00e3o Beira Mar", "valor": 216.0, "entregue": true, "timestamp": "2021-05-02T19:48:09.767Z"}, {"id": 369, "cliente": "Emiliana Vilalobos", "produto": "Camar\u00e3o \u00e0 Del\u00edcia", "valor": 193.0, "entregue": true, "timestamp": "2021-05-02T19:48:09.767Z"}, {"id": 370, "cliente": "Clotilde Godoy", "produto": "Camar\u00e3o Jurer\u00ea", "valor": 131.0, "entregue": true, "timestamp": "2021-05-02T19:48:09.767Z"}, {"id": 371, "cliente": "Helo\u00edsa Sobreira", "produto": "Camar\u00e3o \u00e0 Del\u00edcia", "valor": 193.0, "entregue": true, "timestamp": "2021-05-02T19:48:09.767Z"}, {"id": 372, "cliente": "J\u00falia Filipe", "produto": "Camar\u00e3o \u00e0 Del\u00edcia", "valor": 193.0, "entregue": true, "timestamp": "2021-05-02T19:48:09.767Z"}, {"id": 373, "cliente": "T\u00e2nia Cardoso", "produto": "Camar\u00e3o Jurer\u00ea", "valor": 131.0, "entregue": true, "timestamp": "2021-05-02T19:48:09.767Z"}, {"id": 374, "cliente": "Gustavo Brand\u00e3o", "produto": "Camar\u00e3o \u00e0 Del\u00edcia", "valor": 193.0, "entregue": true, "timestamp": "2021-05-02T19:48:09.767Z"}, {"id": 375, "cliente": "Armando Salles", "produto": "Camar\u00e3o Beira Mar", "valor": 216.0, "entregue": true, "timestamp": "2021-05-02T19:48:09.767Z"}, {"id": 376, "cliente": "Judite Eir\u00f3", "produto": "Camar\u00e3o Coco Bambu", "valor": 179.0, "entregue": true, "timestamp": "2021-05-02T19:48:09.767Z"}, {"id": 377, "cliente": "Pedro Fernando", "produto": "Camar\u00e3o Jangadeiro", "valor": 213.0, "entregue": true, "timestamp": "2021-05-02T19:48:09.767Z"}, {"id": 378, "cliente": "Pedro Fernando", "produto": "Camar\u00e3o Internacional", "valor": 136.0, "entregue": true, "timestamp": "2021-05-02T19:48:09.767Z"}, {"id": 379, "cliente": "Cleiton Raposo", "produto": "Camar\u00e3o Jurer\u00ea", "valor": 131.0, "entregue": true, "timestamp": "2021-05-02T19:48:09.767Z"}, {"id": 380, "cliente": "Daniel Pedroso", "produto": "Camar\u00e3o Jangadeiro", "valor": 213.0, "entregue": true, "timestamp": "2021-05-02T19:48:09.767Z"}, {"id": 381, "cliente": "Virg\u00edlio P\u00e1dua", "produto": "Camar\u00e3o Beira Mar", "valor": 216.0, "entregue": true, "timestamp": "2021-05-02T19:48:09.767Z"}, {"id": 382, "cliente": "Cleiton Raposo", "produto": "Camar\u00e3o Jangadeiro", "valor": 213.0, "entregue": true, "timestamp": "2021-05-02T19:48:09.767Z"}, {"id": 383, "cliente": "Gabriel Sabi\u00e3o", "produto": "Camar\u00e3o Internacional", "valor": 136.0, "entregue": true, "timestamp": "2021-05-02T19:48:09.767Z"}, {"id": 384, "cliente": "Emiliana Vilalobos", "produto": "Camar\u00e3o Jangadeiro", "valor": 213.0, "entregue": true, "timestamp": "2021-05-02T19:48:09.767Z"}, {"id": 385, "cliente": "Vanessa P\u00e1dua", "produto": "Camar\u00e3o Internacional", "valor": 136.0, "entregue": true, "timestamp": "2021-05-02T19:48:09.767Z"}, {"id": 386, "cliente": "Clara Bragan\u00e7a", "produto": "Camar\u00e3o B\u00fazios", "valor": 96.0, "entregue": true, "timestamp": "2021-05-02T19:48:09.767Z"}, {"id": 387, "cliente": "L\u00edlia Vasconcelos", "produto": "Camar\u00e3o Coco Bambu", "valor": 179.0, "entregue": true, "timestamp": "2021-05-02T19:48:09.767Z"}, {"id": 388, "cliente": "Sim\u00e3o Padilha", "produto": "Camar\u00e3o Jurer\u00ea", "valor": 131.0, "entregue": true, "timestamp": "2021-05-02T19:48:09.767Z"}, {"id": 389, "cliente": "Clotilde Godoy", "produto": "Camar\u00e3o Coco Bambu", "valor": 179.0, "entregue": true, "timestamp": "2021-05-02T19:48:09.767Z"}, {"id": 390, "cliente": "Cleiton Raposo", "produto": "Camar\u00e3o Internacional", "valor": 136.0, "entregue": true, "timestamp": "2021-05-02T19:48:09.767Z"}, {"id": 391, "cliente": "Kl\u00e9ber Barra", "produto": "Camar\u00e3o Coco Bambu", "valor": 179.0, "entregue": true, "timestamp": "2021-05-02T19:48:09.767Z"}, {"id": 392, "cliente": "Vanessa P\u00e1dua", "produto": "Camar\u00e3o \u00e0 Del\u00edcia", "valor": 193.0, "entregue": true, "timestamp": "2021-05-02T19:48:09.767Z"}, {"id": 393, "cliente": "Virg\u00edlio P\u00e1dua", "produto": "Camar\u00e3o Internacional", "valor": 136.0, "entregue": true, "timestamp": "2021-05-02T19:48:09.767Z"}, {"id": 394, "cliente": "Teresa Almeida", "produto": "Camar\u00e3o Internacional", "valor": 136.0, "entregue": true, "timestamp": "2021-05-02T19:48:09.767Z"}, {"id": 395, "cliente": "Helo\u00edsa Sobreira", "produto": "Camar\u00e3o B\u00fazios", "valor": 96.0, "entregue": true, "timestamp": "2021-05-02T19:48:09.767Z"}, {"id": 396, "cliente": "Rosana Azenha", "produto": "Camar\u00e3o B\u00fazios", "valor": 96.0, "entregue": true, "timestamp": "2021-05-02T19:48:09.767Z"}, {"id": 397, "cliente": "Salvina Varej\u00e3o", "produto": "Camar\u00e3o B\u00fazios", "valor": 96.0, "entregue": true, "timestamp": "2021-05-02T19:48:09.767Z"}, {"id": 398, "cliente": "Armando Salles", "produto": "Camar\u00e3o Jurer\u00ea", "valor": 131.0, "entregue": true, "timestamp": "2021-05-02T19:48:09.767Z"}, {"id": 399, "cliente": "J\u00falia Castelo Branco", "produto": "Camar\u00e3o Internacional", "valor": 136.0, "entregue": true, "timestamp": "2021-05-02T19:48:09.767Z"}, {"id": 400, "cliente": "Arthur Bragan\u00e7a", "produto": "Camar\u00e3o B\u00fazios", "valor": 96.0, "entregue": true, "timestamp": "2021-05-02T19:48:09.767Z"}, {"id": 401, "cliente": "Clotilde Godoy", "produto": "Camar\u00e3o Jurer\u00ea", "valor": 131.0, "entregue": true, "timestamp": "2021-05-02T19:48:09.767Z"}, {"id": 402, "cliente": "Clotilde Godoy", "produto": "Camar\u00e3o Internacional", "valor": 136.0, "entregue": true, "timestamp": "2021-05-02T19:48:09.767Z"}, {"id": 403, "cliente": "Luana Teves", "produto": "Camar\u00e3o Internacional", "valor": 136.0, "entregue": true, "timestamp": "2021-05-02T19:48:09.767Z"}, {"id": 404, "cliente": "Clara Bragan\u00e7a", "produto": "Camar\u00e3o Jurer\u00ea", "valor": 131.0, "entregue": true, "timestamp": "2021-05-02T19:48:09.767Z"}, {"id": 405, "cliente": "Oscar   Gaspar", "produto": "Camar\u00e3o Internacional", "valor": 136.0, "entregue": true, "timestamp": "2021-05-02T19:48:09.767Z"}, {"id": 406, "cliente": "Armando Salles", "produto": "Camar\u00e3o Beira Mar", "valor": 216.0, "entregue": true, "timestamp": "2021-05-02T19:48:09.767Z"}, {"id": 407, "cliente": "Iraci Dorneles", "produto": "Camar\u00e3o Internacional", "valor": 136.0, "entregue": false, "timestamp": "2021-05-02T19:48:09.767Z"}, {"id": 408, "cliente": "Luana Teves", "produto": "Camar\u00e3o Beira Mar", "valor": 216.0, "entregue": true, "timestamp": "2021-05-02T19:48:09.767Z"}, {"id": 409, "cliente": "Iraci Dorneles", "produto": "Camar\u00e3o Beira Mar", "valor": 216.0, "entregue": true, "timestamp": "2021-05-02T19:48:09.767Z"}, {"id": 410, "cliente": "Ver\u00edssimo Canadas", "produto": "Camar\u00e3o Jurer\u00ea", "valor": 131.0, "entregue": false, "timestamp": "2021-05-02T19:48:09.767Z"}, {"id": 411, "cliente": "Gustavo Brand\u00e3o", "produto": "Camar\u00e3o Jurer\u00ea", "valor": 131.0, "entregue": true, "timestamp": "2021-05-02T19:48:09.767Z"}, {"id": 412, "cliente": "Juca Varej\u00e3o", "produto": "Camar\u00e3o Coco Bambu", "valor": 179.0, "entregue": true, "timestamp": "2021-05-02T19:48:09.767Z"}, {"id": 413, "cliente": "Daniel Pedroso", "produto": "Camar\u00e3o Jangadeiro", "valor": 213.0, "entregue": true, "timestamp": "2021-05-02T19:48:09.767Z"}, {"id": 414, "cliente": "Juca Varej\u00e3o", "produto": "Camar\u00e3o B\u00fazios", "valor": 96.0, "entregue": true, "timestamp": "2021-05-02T19:48:09.767Z"}, {"id": 415, "cliente": "Pedro Fernando", "produto": "Camar\u00e3o Coco Bambu", "valor": 179.0, "entregue": true, "timestamp": "2021-05-02T19:48:09.767Z"}, {"id": 416, "cliente": "Francisca Parreira", "produto": "Camar\u00e3o Internacional", "valor": 136.0, "entregue": true, "timestamp": "2021-05-02T19:48:09.767Z"}, {"id": 417, "cliente": "J\u00falia Castelo Branco", "produto": "Camar\u00e3o B\u00fazios", "valor": 96.0, "entregue": true, "timestamp": "2021-05-02T19:48:09.767Z"}, {"id": 418, "cliente": "Romano Lopes", "produto": "Camar\u00e3o Internacional", "valor": 136.0, "entregue": true, "timestamp": "2021-05-02T19:48:09.767Z"}, {"id": 419, "cliente": "Agostinho Faro", "produto": "Camar\u00e3o \u00e0 Del\u00edcia", "valor": 193.0, "entregue": true, "timestamp": "2021-05-02T19:48:09.767Z"}, {"id": 420, "cliente": "J\u00falia Filipe", "produto": "Camar\u00e3o Beira Mar", "valor": 216.0, "entregue": true, "timestamp": "2021-05-02T19:48:09.767Z"}, {"id": 421, "cliente": "Clara Bragan\u00e7a", "produto": "Camar\u00e3o Jurer\u00ea", "valor": 131.0, "entregue": true, "timestamp": "2021-05-02T19:48:09.767Z"}, {"id": 422, "cliente": "Arthur Bragan\u00e7a", "produto": "Camar\u00e3o Internacional", "valor": 136.0, "entregue": true, "timestamp": "2021-05-02T19:48:09.767Z"}, {"id": 423, "cliente": "Clotilde Godoy", "produto": "Camar\u00e3o Jangadeiro", "valor": 213.0, "entregue": true, "timestamp": "2021-05-02T19:48:09.767Z"}, {"id": 424, "cliente": "Dinis Thamily", "produto": "Camar\u00e3o B\u00fazios", "valor": 96.0, "entregue": true, "timestamp": "2021-05-02T19:48:09.767Z"}, {"id": 425, "cliente": "Francisca Parreira", "produto": "Camar\u00e3o Beira Mar", "valor": 216.0, "entregue": true, "timestamp": "2021-05-02T19:48:09.767Z"}, {"id": 426, "cliente": "Gustavo Brand\u00e3o", "produto": "Camar\u00e3o Internacional", "valor": 136.0, "entregue": true, "timestamp": "2021-05-02T19:48:09.767Z"}, {"id": 427, "cliente": "Fernando Salvador", "produto": "Camar\u00e3o Internacional", "valor": 136.0, "entregue": true, "timestamp": "2021-05-02T19:48:09.767Z"}, {"id": 428, "cliente": "Iraci Dorneles", "produto": "Camar\u00e3o \u00e0 Del\u00edcia", "valor": 193.0, "entregue": true, "timestamp": "2021-05-02T19:48:09.767Z"}, {"id": 429, "cliente": "Agostinho Faro", "produto": "Camar\u00e3o Internacional", "valor": 136.0, "entregue": true, "timestamp": "2021-05-02T19:48:09.767Z"}, {"id": 430, "cliente": "Sim\u00e3o Padilha", "produto": "Camar\u00e3o Internacional", "valor": 136.0, "entregue": true, "timestamp": "2021-05-02T19:48:09.767Z"}, {"id": 431, "cliente": "Luize Alcoforado", "produto": "Camar\u00e3o Coco Bambu", "valor": 179.0, "entregue": true, "timestamp": "2021-05-02T19:48:09.767Z"}, {"id": 432, "cliente": "Agostinho Faro", "produto": "Camar\u00e3o Coco Bambu", "valor": 179.0, "entregue": true, "timestamp": "2021-05-02T19:48:09.767Z"}, {"id": 433, "cliente": "Ana Rua", "produto": "Camar\u00e3o Jangadeiro", "valor": 213.0, "entregue": true, "timestamp": "2021-05-02T19:48:09.767Z"}, {"id": 434, "cliente": "Aline Alc\u00e2ntara", "produto": "Camar\u00e3o Jurer\u00ea", "valor": 131.0, "entregue": true, "timestamp": "2021-05-02T19:48:09.767Z"}, {"id": 435, "cliente": "Helo\u00edsa Sobreira", "produto": "Camar\u00e3o Jangadeiro", "valor": 213.0, "entregue": true, "timestamp": "2021-05-02T19:48:09.767Z"}, {"id": 436, "cliente": "Aline Alc\u00e2ntara", "produto": "Camar\u00e3o Coco Bambu", "valor": 179.0, "entregue": true, "timestamp": "2021-05-02T19:48:09.767Z"}, {"id": 437, "cliente": "Telma Simas", "produto": "Camar\u00e3o B\u00fazios", "valor": 96.0, "entregue": true, "timestamp": "2021-05-02T19:48:09.767Z"}, {"id": 438, "cliente": "Daniel Pedroso", "produto": "Camar\u00e3o B\u00fazios", "valor": 96.0, "entregue": true, "timestamp": "2021-05-02T19:48:09.767Z"}, {"id": 439, "cliente": "Francisca Azenha", "produto": "Camar\u00e3o Coco Bambu", "valor": 179.0, "entregue": false, "timestamp": "2021-05-02T19:48:09.767Z"}, {"id": 440, "cliente": "M\u00f4nica Simas", "produto": "Camar\u00e3o B\u00fazios", "valor": 96.0, "entregue": true, "timestamp": "2021-05-02T19:48:09.767Z"}, {"id": 441, "cliente": "Bento Torcato", "produto": "Camar\u00e3o Jurer\u00ea", "valor": 131.0, "entregue": true, "timestamp": "2021-05-02T19:48:09.767Z"}, {"id": 442, "cliente": "Clara Bragan\u00e7a", "produto": "Camar\u00e3o Jangadeiro", "valor": 213.0, "entregue": true, "timestamp": "2021-05-02T19:48:09.767Z"}, {"id": 443, "cliente": "Clara Bragan\u00e7a", "produto": "Camar\u00e3o Beira Mar", "valor": 216.0, "entregue": true, "timestamp": "2021-05-02T19:48:09.767Z"}, {"id": 444, "cliente": "Gustavo Brand\u00e3o", "produto": "Camar\u00e3o \u00e0 Del\u00edcia", "valor": 193.0, "entregue": true, "timestamp": "2021-05-02T19:48:09.767Z"}, {"id": 445, "cliente": "Teresa Almeida", "produto": "Camar\u00e3o Beira Mar", "valor": 216.0, "entregue": true, "timestamp": "2021-05-02T19:48:09.767Z"}, {"id": 446, "cliente": "Ana Rua", "produto": "Camar\u00e3o Jangadeiro", "valor": 213.0, "entregue": true, "timestamp": "2021-05-02T19:48:09.767Z"}, {"id": 447, "cliente": "Luana Teves", "produto": "Camar\u00e3o Beira Mar", "valor": 216.0, "entregue": true, "timestamp": "2021-05-02T19:48:09.767Z"}, {"id": 448, "cliente": "T\u00e2nia Cardoso", "produto": "Camar\u00e3o Jangadeiro", "valor": 213.0, "entregue": false, "timestamp": "2021-05-02T19:48:09.767Z"}, {"id": 449, "cliente": "Clara Bragan\u00e7a", "produto": "Camar\u00e3o B\u00fazios", "valor": 96.0, "entregue": false, "timestamp": "2021-05-02T19:48:09.767Z"}, {"id": 450, "cliente": "Nilza Martinho", "produto": "Camar\u00e3o Beira Mar", "valor": 216.0, "entregue": true, "timestamp": "2021-05-02T19:48:09.767Z"}, {"id": 451, "cliente": "Bento Guimar\u00e3es", "produto": "Camar\u00e3o Jangadeiro", "valor": 213.0, "entregue": true, "timestamp": "2021-05-02T19:48:09.767Z"}, {"id": 452, "cliente": "L\u00edlia Vasconcelos", "produto": "Camar\u00e3o Internacional", "valor": 136.0, "entregue": true, "timestamp": "2021-05-02T19:48:09.767Z"}, {"id": 453, "cliente": "Pedro Fernando", "produto": "Camar\u00e3o Beira Mar", "valor": 216.0, "entregue": true, "timestamp": "2021-05-02T19:48:09.767Z"}, {"id": 454, "cliente": "Clotilde Godoy", "produto": "Camar\u00e3o \u00e0 Del\u00edcia", "valor": 193.0, "entregue": true, "timestamp": "2021-05-02T19:48:09.767Z"}, {"id": 455, "cliente": "M\u00f4nica Simas", "produto": "Camar\u00e3o B\u00fazios", "valor": 96.0, "entregue": true, "timestamp": "2021-05-02T19:48:09.767Z"}, {"id": 456, "cliente": "Gabriel Sabi\u00e3o", "produto": "Camar\u00e3o B\u00fazios", "valor": 96.0, "entregue": true, "timestamp": "2021-05-02T19:48:09.767Z"}, {"id": 457, "cliente": "Gabriel Sabi\u00e3o", "produto": "Camar\u00e3o Internacional", "valor": 136.0, "entregue": false, "timestamp": "2021-05-02T19:48:09.767Z"}, {"id": 458, "cliente": "Clara Bragan\u00e7a", "produto": "Camar\u00e3o Jangadeiro", "valor": 213.0, "entregue": true, "timestamp": "2021-05-02T19:48:09.767Z"}, {"id": 459, "cliente": "Telma Simas", "produto": "Camar\u00e3o Internacional", "valor": 136.0, "entregue": true, "timestamp": "2021-05-02T19:48:09.767Z"}, {"id": 460, "cliente": "Bernardo Chagas", "produto": "Camar\u00e3o Beira Mar", "valor": 216.0, "entregue": true, "timestamp": "2021-05-02T19:48:09.767Z"}, {"id": 461, "cliente": "Larissa Silva", "produto": "Camar\u00e3o B\u00fazios", "valor": 96.0, "entregue": true, "timestamp": "2021-05-02T19:48:09.767Z"}, {"id": 462, "cliente": "Clara Bragan\u00e7a", "produto": "Camar\u00e3o \u00e0 Del\u00edcia", "valor": 193.0, "entregue": true, "timestamp": "2021-05-02T19:48:09.767Z"}, {"id": 463, "cliente": "Kl\u00e9ber Barra", "produto": "Camar\u00e3o Coco Bambu", "valor": 179.0, "entregue": false, "timestamp": "2021-05-02T19:48:09.767Z"}, {"id": 464, "cliente": "Virg\u00edlio P\u00e1dua", "produto": "Camar\u00e3o Internacional", "valor": 136.0, "entregue": true, "timestamp": "2021-05-02T19:48:09.767Z"}, {"id": 465, "cliente": "Francisca Azenha", "produto": "Camar\u00e3o Internacional", "valor": 136.0, "entregue": true, "timestamp": "2021-05-02T19:48:09.767Z"}, {"id": 466, "cliente": "Luize Alcoforado", "produto": "Camar\u00e3o Beira Mar", "valor": 216.0, "entregue": true, "timestamp": "2021-05-02T19:48:09.767Z"}, {"id": 467, "cliente": "Bento Torcato", "produto": "Camar\u00e3o B\u00fazios", "valor": 96.0, "entregue": true, "timestamp": "2021-05-02T19:48:09.767Z"}, {"id": 468, "cliente": "Juca Varej\u00e3o", "produto": "Camar\u00e3o Beira Mar", "valor": 216.0, "entregue": true, "timestamp": "2021-05-02T19:48:09.767Z"}, {"id": 469, "cliente": "Nilza Martinho", "produto": "Camar\u00e3o Internacional", "valor": 136.0, "entregue": true, "timestamp": "2021-05-02T19:48:09.767Z"}, {"id": 470, "cliente": "Ricardo Piraj\u00e1", "produto": "Camar\u00e3o \u00e0 Del\u00edcia", "valor": 193.0, "entregue": true, "timestamp": "2021-05-02T19:48:09.767Z"}, {"id": 471, "cliente": "Virg\u00edlio P\u00e1dua", "produto": "Camar\u00e3o Jurer\u00ea", "valor": 131.0, "entregue": true, "timestamp": "2021-05-02T19:48:09.767Z"}, {"id": 472, "cliente": "Nilza Martinho", "produto": "Camar\u00e3o Coco Bambu", "valor": 179.0, "entregue": true, "timestamp": "2021-05-02T19:48:09.767Z"}, {"id": 473, "cliente": "Oscar   Gaspar", "produto": "Camar\u00e3o Coco Bambu", "valor": 179.0, "entregue": true, "timestamp": "2021-05-02T19:48:09.767Z"}, {"id": 474, "cliente": "Gustavo Brand\u00e3o", "produto": "Camar\u00e3o Jurer\u00ea", "valor": 131.0, "entregue": true, "timestamp": "2021-05-02T19:48:09.767Z"}, {"id": 475, "cliente": "Teresa Almeida", "produto": "Camar\u00e3o Jangadeiro", "valor": 213.0, "entregue": true, "timestamp": "2021-05-02T19:48:09.767Z"}, {"id": 476, "cliente": "Vanessa P\u00e1dua", "produto": "Camar\u00e3o Jurer\u00ea", "valor": 131.0, "entregue": true, "timestamp": "2021-05-02T19:48:09.767Z"}, {"id": 477, "cliente": "Aline Alc\u00e2ntara", "produto": "Camar\u00e3o Internacional", "valor": 136.0, "entregue": true, "timestamp": "2021-05-02T19:48:09.767Z"}, {"id": 478, "cliente": "Pedro Fernando", "produto": "Camar\u00e3o \u00e0 Del\u00edcia", "valor": 193.0, "entregue": false, "timestamp": "2021-05-02T19:48:09.767Z"}, {"id": 479, "cliente": "Kl\u00e9ber Barra", "produto": "Camar\u00e3o \u00e0 Del\u00edcia", "valor": 193.0, "entregue": true, "timestamp": "2021-05-02T19:48:09.767Z"}, {"id": 480, "cliente": "Dinis Thamily", "produto": "Camar\u00e3o Beira Mar", "valor": 216.0, "entregue": true, "timestamp": "2021-05-02T19:48:09.767Z"}, {"id": 481, "cliente": "Arthur Bragan\u00e7a", "produto": "Camar\u00e3o Jurer\u00ea", "valor": 131.0, "entregue": true, "timestamp": "2021-05-02T19:48:09.767Z"}, {"id": 482, "cliente": "Vin\u00edcius Quinzeiro", "produto": "Camar\u00e3o \u00e0 Del\u00edcia", "valor": 193.0, "entregue": true, "timestamp": "2021-05-02T19:48:09.767Z"}, {"id": 483, "cliente": "Arthur Bragan\u00e7a", "produto": "Camar\u00e3o Jurer\u00ea", "valor": 131.0, "entregue": true, "timestamp": "2021-05-02T19:48:09.767Z"}, {"id": 484, "cliente": "Luana Teves", "produto": "Camar\u00e3o Internacional", "valor": 136.0, "entregue": true, "timestamp": "2021-05-02T19:48:09.767Z"}, {"id": 485, "produto": "Camar\u00e3o Internacional", "valor": 136.0, "entregue": true, "timestamp": "2021-05-02T19:48:09.767Z"}, {"id": 486, "cliente": "Oscar   Gaspar", "produto": "Camar\u00e3o Coco Bambu", "valor": 179.0, "entregue": true, "timestamp": "2021-05-02T19:48:09.767Z"}, {"id": 487, "cliente": "Bento Guimar\u00e3es", "produto": "Camar\u00e3o \u00e0 Del\u00edcia", "valor": 193.0, "entregue": true, "timestamp": "2021-05-02T19:48:09.767Z"}, {"id": 488, "cliente": "Ricardo Piraj\u00e1", "produto": "Camar\u00e3o Beira Mar", "valor": 216.0, "entregue": true, "timestamp": "2021-05-02T19:48:09.767Z"}, {"id": 489, "cliente": "Helo\u00edsa Sobreira", "produto": "Camar\u00e3o B\u00fazios", "valor": 96.0, "entregue": true, "timestamp": "2021-05-02T19:48:09.767Z"}, {"id": 490, "cliente": "Teresa Almeida", "produto": "Camar\u00e3o Jurer\u00ea", "valor": 131.0, "entregue": false, "timestamp": "2021-05-02T19:48:09.767Z"}, {"id": 491, "cliente": "Telma Simas", "produto": "Camar\u00e3o \u00e0 Del\u00edcia", "valor": 193.0, "entregue": true, "timestamp": "2021-05-02T19:48:09.767Z"}, {"id": 492, "cliente": "J\u00falia Castelo Branco", "produto": "Camar\u00e3o Jurer\u00ea", "valor": 131.0, "entregue": true, "timestamp": "2021-05-02T19:48:09.767Z"}, {"id": 493, "cliente": "Bernardo Chagas", "produto": "Camar\u00e3o Jurer\u00ea", "valor": 131.0, "entregue": true, "timestamp": "2021-05-02T19:48:09.767Z"}, {"id": 494, "cliente": "Fernando Salvador", "produto": "Camar\u00e3o Coco Bambu", "valor": 179.0, "entregue": true, "timestamp": "2021-05-02T19:48:09.767Z"}, {"id": 495, "cliente": "Gabriel Sabi\u00e3o", "produto": "Camar\u00e3o Coco Bambu", "valor": 179.0, "entregue": true, "timestamp": "2021-05-02T19:48:09.767Z"}, {"id": 496, "cliente": "Francisca Parreira", "produto": "Camar\u00e3o \u00e0 Del\u00edcia", "valor": 193.0, "entregue": true, "timestamp": "2021-05-02T19:48:09.767Z"}, {"id": 497, "cliente": "Gustavo Brand\u00e3o", "produto": "Camar\u00e3o Coco Bambu", "valor": 179.0, "entregue": true, "timestamp": "2021-05-02T19:48:09.767Z"}, {"id": 498, "cliente": "Aline Alc\u00e2ntara", "produto": "Camar\u00e3o \u00e0 Del\u00edcia", "valor": 193.0, "entregue": true, "timestamp": "2021-05-02T19:48:09.767Z"}, {"id": 499, "cliente": "Kl\u00e9ber Barra", "produto": "Camar\u00e3o Jurer\u00ea", "valor": 131.0, "entregue": true, "timestamp": "2021-05-02T19:48:09.767Z"}, {"id": 500, "cliente": "Vanessa P\u00e1dua", "produto": "Camar\u00e3o Beira Mar", "valor": 216.0, "entregue": true, "timestamp": "2021-05-02T19:48:09.767Z"}, {"id": 501, "cliente": "Rosana Azenha", "produto": "Camar\u00e3o \u00e0 Del\u00edcia", "valor": 193.0, "entregue": true, "timestamp": "2021-11-02T14:21:24.761Z"}, {"cliente": "valxntim", "produto": "amor", "valor": 900.0, "timestamp": "2022/02/14T23:24:17", "entregue": true, "id": 502}]}